figure,evidence_tier,dataset,model,metric,value,source,note
01_final_standard_absolute,final,VoiceBank-DEMAND standard test,Noisy,enhanced_pesq,1.968423450456082,results/v14/replication_evaluation/standard/v13_aggregate.json,Three-seed hierarchical mean; bars show 95% CI.
01_final_standard_absolute,final,VoiceBank-DEMAND standard test,V13,enhanced_pesq,2.5468623769804113,results/v14/replication_evaluation/standard/v13_aggregate.json,Three-seed hierarchical mean; bars show 95% CI.
01_final_standard_absolute,final,VoiceBank-DEMAND standard test,V14.2,enhanced_pesq,2.617551347632624,results/v14/replication_evaluation/standard/v14_2_aggregate.json,Three-seed hierarchical mean; bars show 95% CI.
01_final_standard_absolute,final,VoiceBank-DEMAND standard test,Noisy,enhanced_si_sdr,8.445524375391242,results/v14/replication_evaluation/standard/v13_aggregate.json,Three-seed hierarchical mean; bars show 95% CI.
01_final_standard_absolute,final,VoiceBank-DEMAND standard test,V13,enhanced_si_sdr,18.21348137724361,results/v14/replication_evaluation/standard/v13_aggregate.json,Three-seed hierarchical mean; bars show 95% CI.
01_final_standard_absolute,final,VoiceBank-DEMAND standard test,V14.2,enhanced_si_sdr,18.201909385838558,results/v14/replication_evaluation/standard/v14_2_aggregate.json,Three-seed hierarchical mean; bars show 95% CI.
01_final_standard_absolute,final,VoiceBank-DEMAND standard test,Noisy,enhanced_stoi,0.9210611297461423,results/v14/replication_evaluation/standard/v13_aggregate.json,Three-seed hierarchical mean; bars show 95% CI.
01_final_standard_absolute,final,VoiceBank-DEMAND standard test,V13,enhanced_stoi,0.9343039269146419,results/v14/replication_evaluation/standard/v13_aggregate.json,Three-seed hierarchical mean; bars show 95% CI.
01_final_standard_absolute,final,VoiceBank-DEMAND standard test,V14.2,enhanced_stoi,0.9369179157665819,results/v14/replication_evaluation/standard/v14_2_aggregate.json,Three-seed hierarchical mean; bars show 95% CI.
01_final_standard_absolute,final,VoiceBank-DEMAND standard test,Noisy,enhanced_estoi,0.7867263508739356,results/v14/replication_evaluation/standard/v13_aggregate.json,Three-seed hierarchical mean; bars show 95% CI.
01_final_standard_absolute,final,VoiceBank-DEMAND standard test,V13,enhanced_estoi,0.8386351657234986,results/v14/replication_evaluation/standard/v13_aggregate.json,Three-seed hierarchical mean; bars show 95% CI.
01_final_standard_absolute,final,VoiceBank-DEMAND standard test,V14.2,enhanced_estoi,0.841049526113485,results/v14/replication_evaluation/standard/v14_2_aggregate.json,Three-seed hierarchical mean; bars show 95% CI.
01_final_external_absolute,final,DNS1 independent external set,Noisy,enhanced_pesq,1.5822388116518658,results/v14/replication_evaluation/external/v13_aggregate.json,Three-seed hierarchical mean; bars show 95% CI.
01_final_external_absolute,final,DNS1 independent external set,V13,enhanced_pesq,1.7826359793874953,results/v14/replication_evaluation/external/v13_aggregate.json,Three-seed hierarchical mean; bars show 95% CI.
01_final_external_absolute,final,DNS1 independent external set,V14.2,enhanced_pesq,1.8421008311377631,results/v14/replication_evaluation/external/v14_2_aggregate.json,Three-seed hierarchical mean; bars show 95% CI.
01_final_external_absolute,final,DNS1 independent external set,Noisy,enhanced_si_sdr,9.229536561695083,results/v14/replication_evaluation/external/v13_aggregate.json,Three-seed hierarchical mean; bars show 95% CI.
01_final_external_absolute,final,DNS1 independent external set,V13,enhanced_si_sdr,11.446905881431368,results/v14/replication_evaluation/external/v13_aggregate.json,Three-seed hierarchical mean; bars show 95% CI.
01_final_external_absolute,final,DNS1 independent external set,V14.2,enhanced_si_sdr,11.576007073256704,results/v14/replication_evaluation/external/v14_2_aggregate.json,Three-seed hierarchical mean; bars show 95% CI.
01_final_external_absolute,final,DNS1 independent external set,Noisy,enhanced_stoi,0.9151854128107001,results/v14/replication_evaluation/external/v13_aggregate.json,Three-seed hierarchical mean; bars show 95% CI.
01_final_external_absolute,final,DNS1 independent external set,V13,enhanced_stoi,0.8983905003204656,results/v14/replication_evaluation/external/v13_aggregate.json,Three-seed hierarchical mean; bars show 95% CI.
01_final_external_absolute,final,DNS1 independent external set,V14.2,enhanced_stoi,0.9053494461573385,results/v14/replication_evaluation/external/v14_2_aggregate.json,Three-seed hierarchical mean; bars show 95% CI.
01_final_external_absolute,final,DNS1 independent external set,Noisy,enhanced_estoi,0.8098773676685939,results/v14/replication_evaluation/external/v13_aggregate.json,Three-seed hierarchical mean; bars show 95% CI.
01_final_external_absolute,final,DNS1 independent external set,V13,enhanced_estoi,0.8166538636961276,results/v14/replication_evaluation/external/v13_aggregate.json,Three-seed hierarchical mean; bars show 95% CI.
01_final_external_absolute,final,DNS1 independent external set,V14.2,enhanced_estoi,0.8235888292331074,results/v14/replication_evaluation/external/v14_2_aggregate.json,Three-seed hierarchical mean; bars show 95% CI.
02_v14_2_paired_deltas,final,VoiceBank-DEMAND,V14.2 − V13,enhanced_pesq,0.07068897065221298,results/v14/replication_evaluation/standard/v14_2_vs_v13_paired_hierarchical.json,"Paired hierarchical 95% CI: [0.05828068932958405, 0.08260269572530364]"
02_v14_2_paired_deltas,final,DNS1 external,V14.2 − V13,enhanced_pesq,0.05946485175026787,results/v14/replication_evaluation/external/v14_2_vs_v13_paired_hierarchical.json,"Paired hierarchical 95% CI: [0.012142668187618246, 0.11676877760887142]"
02_v14_2_paired_deltas,final,VoiceBank-DEMAND,V14.2 − V13,enhanced_si_sdr,-0.011571991405054926,results/v14/replication_evaluation/standard/v14_2_vs_v13_paired_hierarchical.json,"Paired hierarchical 95% CI: [-0.08164049852820275, 0.06566137599134916]"
02_v14_2_paired_deltas,final,DNS1 external,V14.2 − V13,enhanced_si_sdr,0.12910119182533686,results/v14/replication_evaluation/external/v14_2_vs_v13_paired_hierarchical.json,"Paired hierarchical 95% CI: [-0.32430566447228215, 0.4939165569742508]"
02_v14_2_paired_deltas,final,VoiceBank-DEMAND,V14.2 − V13,enhanced_stoi,0.0026139888519398206,results/v14/replication_evaluation/standard/v14_2_vs_v13_paired_hierarchical.json,"Paired hierarchical 95% CI: [0.0008222618310163164, 0.004772815351731748]"
02_v14_2_paired_deltas,final,DNS1 external,V14.2 − V13,enhanced_stoi,0.006958945836872594,results/v14/replication_evaluation/external/v14_2_vs_v13_paired_hierarchical.json,"Paired hierarchical 95% CI: [-0.004551317334068094, 0.020195980705844375]"
02_v14_2_paired_deltas,final,VoiceBank-DEMAND,V14.2 − V13,enhanced_estoi,0.0024143603899863184,results/v14/replication_evaluation/standard/v14_2_vs_v13_paired_hierarchical.json,"Paired hierarchical 95% CI: [0.00031744698776478884, 0.005627759446165532]"
02_v14_2_paired_deltas,final,DNS1 external,V14.2 − V13,enhanced_estoi,0.0069349655369797605,results/v14/replication_evaluation/external/v14_2_vs_v13_paired_hierarchical.json,"Paired hierarchical 95% CI: [-0.007471902334231206, 0.023977505918011562]"
03_three_seed_robustness,final,VoiceBank-DEMAND,V13 seed 1200,enhanced_pesq,2.564770903112819,results/v14/replication_evaluation/standard/v13_aggregate.json,Per-seed aggregate.
03_three_seed_robustness,final,VoiceBank-DEMAND,V13 seed 1201,enhanced_pesq,2.536841167118943,results/v14/replication_evaluation/standard/v13_aggregate.json,Per-seed aggregate.
03_three_seed_robustness,final,VoiceBank-DEMAND,V13 seed 1202,enhanced_pesq,2.538975060709472,results/v14/replication_evaluation/standard/v13_aggregate.json,Per-seed aggregate.
03_three_seed_robustness,final,VoiceBank-DEMAND,V14.2 seed 1200,enhanced_pesq,2.6428629592495056,results/v14/replication_evaluation/standard/v14_2_aggregate.json,Per-seed aggregate.
03_three_seed_robustness,final,VoiceBank-DEMAND,V14.2 seed 1201,enhanced_pesq,2.605886751876294,results/v14/replication_evaluation/standard/v14_2_aggregate.json,Per-seed aggregate.
03_three_seed_robustness,final,VoiceBank-DEMAND,V14.2 seed 1202,enhanced_pesq,2.603904331772073,results/v14/replication_evaluation/standard/v14_2_aggregate.json,Per-seed aggregate.
03_three_seed_robustness,final,VoiceBank-DEMAND,V13 seed 1200,enhanced_si_sdr,18.16017677714524,results/v14/replication_evaluation/standard/v13_aggregate.json,Per-seed aggregate.
03_three_seed_robustness,final,VoiceBank-DEMAND,V13 seed 1201,enhanced_si_sdr,18.24088190597238,results/v14/replication_evaluation/standard/v13_aggregate.json,Per-seed aggregate.
03_three_seed_robustness,final,VoiceBank-DEMAND,V13 seed 1202,enhanced_si_sdr,18.239385448613213,results/v14/replication_evaluation/standard/v13_aggregate.json,Per-seed aggregate.
03_three_seed_robustness,final,VoiceBank-DEMAND,V14.2 seed 1200,enhanced_si_sdr,18.22858444405991,results/v14/replication_evaluation/standard/v14_2_aggregate.json,Per-seed aggregate.
03_three_seed_robustness,final,VoiceBank-DEMAND,V14.2 seed 1201,enhanced_si_sdr,18.156346502234634,results/v14/replication_evaluation/standard/v14_2_aggregate.json,Per-seed aggregate.
03_three_seed_robustness,final,VoiceBank-DEMAND,V14.2 seed 1202,enhanced_si_sdr,18.22079721122112,results/v14/replication_evaluation/standard/v14_2_aggregate.json,Per-seed aggregate.
03_three_seed_robustness,final,VoiceBank-DEMAND,V13 seed 1200,enhanced_stoi,0.9362283145014165,results/v14/replication_evaluation/standard/v13_aggregate.json,Per-seed aggregate.
03_three_seed_robustness,final,VoiceBank-DEMAND,V13 seed 1201,enhanced_stoi,0.9318984967394421,results/v14/replication_evaluation/standard/v13_aggregate.json,Per-seed aggregate.
03_three_seed_robustness,final,VoiceBank-DEMAND,V13 seed 1202,enhanced_stoi,0.9347849695030671,results/v14/replication_evaluation/standard/v13_aggregate.json,Per-seed aggregate.
03_three_seed_robustness,final,VoiceBank-DEMAND,V14.2 seed 1200,enhanced_stoi,0.9371264085288039,results/v14/replication_evaluation/standard/v14_2_aggregate.json,Per-seed aggregate.
03_three_seed_robustness,final,VoiceBank-DEMAND,V14.2 seed 1201,enhanced_stoi,0.9367710866223165,results/v14/replication_evaluation/standard/v14_2_aggregate.json,Per-seed aggregate.
03_three_seed_robustness,final,VoiceBank-DEMAND,V14.2 seed 1202,enhanced_stoi,0.9368562521486251,results/v14/replication_evaluation/standard/v14_2_aggregate.json,Per-seed aggregate.
03_three_seed_robustness,final,VoiceBank-DEMAND,V13 seed 1200,enhanced_estoi,0.8404903142796207,results/v14/replication_evaluation/standard/v13_aggregate.json,Per-seed aggregate.
03_three_seed_robustness,final,VoiceBank-DEMAND,V13 seed 1201,enhanced_estoi,0.8350375979497255,results/v14/replication_evaluation/standard/v13_aggregate.json,Per-seed aggregate.
03_three_seed_robustness,final,VoiceBank-DEMAND,V13 seed 1202,enhanced_estoi,0.8403775849411499,results/v14/replication_evaluation/standard/v13_aggregate.json,Per-seed aggregate.
03_three_seed_robustness,final,VoiceBank-DEMAND,V14.2 seed 1200,enhanced_estoi,0.8410840026602635,results/v14/replication_evaluation/standard/v14_2_aggregate.json,Per-seed aggregate.
03_three_seed_robustness,final,VoiceBank-DEMAND,V14.2 seed 1201,enhanced_estoi,0.8407968099958618,results/v14/replication_evaluation/standard/v14_2_aggregate.json,Per-seed aggregate.
03_three_seed_robustness,final,VoiceBank-DEMAND,V14.2 seed 1202,enhanced_estoi,0.8412677656843298,results/v14/replication_evaluation/standard/v14_2_aggregate.json,Per-seed aggregate.
03_three_seed_robustness,final,DNS1 external,V13 seed 1200,enhanced_pesq,1.8385905933380127,results/v14/replication_evaluation/external/v13_aggregate.json,Per-seed aggregate.
03_three_seed_robustness,final,DNS1 external,V13 seed 1201,enhanced_pesq,1.7183660133679708,results/v14/replication_evaluation/external/v13_aggregate.json,Per-seed aggregate.
03_three_seed_robustness,final,DNS1 external,V13 seed 1202,enhanced_pesq,1.7909513314565022,results/v14/replication_evaluation/external/v13_aggregate.json,Per-seed aggregate.
03_three_seed_robustness,final,DNS1 external,V14.2 seed 1200,enhanced_pesq,1.8503429977099102,results/v14/replication_evaluation/external/v14_2_aggregate.json,Per-seed aggregate.
03_three_seed_robustness,final,DNS1 external,V14.2 seed 1201,enhanced_pesq,1.838861838976542,results/v14/replication_evaluation/external/v14_2_aggregate.json,Per-seed aggregate.
03_three_seed_robustness,final,DNS1 external,V14.2 seed 1202,enhanced_pesq,1.8370976567268371,results/v14/replication_evaluation/external/v14_2_aggregate.json,Per-seed aggregate.
03_three_seed_robustness,final,DNS1 external,V13 seed 1200,enhanced_si_sdr,12.005761054456235,results/v14/replication_evaluation/external/v13_aggregate.json,Per-seed aggregate.
03_three_seed_robustness,final,DNS1 external,V13 seed 1201,enhanced_si_sdr,10.714168329834939,results/v14/replication_evaluation/external/v13_aggregate.json,Per-seed aggregate.
03_three_seed_robustness,final,DNS1 external,V13 seed 1202,enhanced_si_sdr,11.62078826000293,results/v14/replication_evaluation/external/v13_aggregate.json,Per-seed aggregate.
03_three_seed_robustness,final,DNS1 external,V14.2 seed 1200,enhanced_si_sdr,11.6547599508365,results/v14/replication_evaluation/external/v14_2_aggregate.json,Per-seed aggregate.
03_three_seed_robustness,final,DNS1 external,V14.2 seed 1201,enhanced_si_sdr,11.211316960255305,results/v14/replication_evaluation/external/v14_2_aggregate.json,Per-seed aggregate.
03_three_seed_robustness,final,DNS1 external,V14.2 seed 1202,enhanced_si_sdr,11.861944308678309,results/v14/replication_evaluation/external/v14_2_aggregate.json,Per-seed aggregate.
03_three_seed_robustness,final,DNS1 external,V13 seed 1200,enhanced_stoi,0.9125495516260188,results/v14/replication_evaluation/external/v13_aggregate.json,Per-seed aggregate.
03_three_seed_robustness,final,DNS1 external,V13 seed 1201,enhanced_stoi,0.8756929843284392,results/v14/replication_evaluation/external/v13_aggregate.json,Per-seed aggregate.
03_three_seed_robustness,final,DNS1 external,V13 seed 1202,enhanced_stoi,0.9069289650069392,results/v14/replication_evaluation/external/v13_aggregate.json,Per-seed aggregate.
03_three_seed_robustness,final,DNS1 external,V14.2 seed 1200,enhanced_stoi,0.9077262621624534,results/v14/replication_evaluation/external/v14_2_aggregate.json,Per-seed aggregate.
03_three_seed_robustness,final,DNS1 external,V14.2 seed 1201,enhanced_stoi,0.8970632889292256,results/v14/replication_evaluation/external/v14_2_aggregate.json,Per-seed aggregate.
03_three_seed_robustness,final,DNS1 external,V14.2 seed 1202,enhanced_stoi,0.9112587873803367,results/v14/replication_evaluation/external/v14_2_aggregate.json,Per-seed aggregate.
03_three_seed_robustness,final,DNS1 external,V13 seed 1200,enhanced_estoi,0.8347690102397956,results/v14/replication_evaluation/external/v13_aggregate.json,Per-seed aggregate.
03_three_seed_robustness,final,DNS1 external,V13 seed 1201,enhanced_estoi,0.7900051750333467,results/v14/replication_evaluation/external/v13_aggregate.json,Per-seed aggregate.
03_three_seed_robustness,final,DNS1 external,V13 seed 1202,enhanced_estoi,0.8251874058152409,results/v14/replication_evaluation/external/v13_aggregate.json,Per-seed aggregate.
03_three_seed_robustness,final,DNS1 external,V14.2 seed 1200,enhanced_estoi,0.8269948565730041,results/v14/replication_evaluation/external/v14_2_aggregate.json,Per-seed aggregate.
03_three_seed_robustness,final,DNS1 external,V14.2 seed 1201,enhanced_estoi,0.8153325293305642,results/v14/replication_evaluation/external/v14_2_aggregate.json,Per-seed aggregate.
03_three_seed_robustness,final,DNS1 external,V14.2 seed 1202,enhanced_estoi,0.828439101795754,results/v14/replication_evaluation/external/v14_2_aggregate.json,Per-seed aggregate.
04_streaming_efficiency,deployment,"AMD Ryzen 7 7800X3D, one CPU thread",V8 Mamba,Parameters,1.067471,results/runtime/v8_native_streaming_7800x3d.json,All models use 20 ms algorithmic latency; V12 entries are structural benchmarks.
04_streaming_efficiency,deployment,"AMD Ryzen 7 7800X3D, one CPU thread",V12 Mamba,Parameters,1.067471,results/runtime/v12_structural_latency_7800x3d.json,All models use 20 ms algorithmic latency; V12 entries are structural benchmarks.
04_streaming_efficiency,deployment,"AMD Ryzen 7 7800X3D, one CPU thread",V12 GRU,Parameters,1.083479,results/runtime/v12_structural_latency_7800x3d.json,All models use 20 ms algorithmic latency; V12 entries are structural benchmarks.
04_streaming_efficiency,deployment,"AMD Ryzen 7 7800X3D, one CPU thread",V13 GRU-T1,Parameters,0.808095,results/runtime/v13_final_gru_seed1200_cpu.json,All models use 20 ms algorithmic latency; V12 entries are structural benchmarks.
04_streaming_efficiency,deployment,"AMD Ryzen 7 7800X3D, one CPU thread",V14.2 final,Parameters,0.808095,results/runtime/v14_2_distilled_seed1200_cpu.json,All models use 20 ms algorithmic latency; V12 entries are structural benchmarks.
04_streaming_efficiency,deployment,"AMD Ryzen 7 7800X3D, one CPU thread",V8 Mamba,Frame time (p95),10.521821000000001,results/runtime/v8_native_streaming_7800x3d.json,All models use 20 ms algorithmic latency; V12 entries are structural benchmarks.
04_streaming_efficiency,deployment,"AMD Ryzen 7 7800X3D, one CPU thread",V12 Mamba,Frame time (p95),10.384025000000001,results/runtime/v12_structural_latency_7800x3d.json,All models use 20 ms algorithmic latency; V12 entries are structural benchmarks.
04_streaming_efficiency,deployment,"AMD Ryzen 7 7800X3D, one CPU thread",V12 GRU,Frame time (p95),6.6512614999999995,results/runtime/v12_structural_latency_7800x3d.json,All models use 20 ms algorithmic latency; V12 entries are structural benchmarks.
04_streaming_efficiency,deployment,"AMD Ryzen 7 7800X3D, one CPU thread",V13 GRU-T1,Frame time (p95),4.05598455,results/runtime/v13_final_gru_seed1200_cpu.json,All models use 20 ms algorithmic latency; V12 entries are structural benchmarks.
04_streaming_efficiency,deployment,"AMD Ryzen 7 7800X3D, one CPU thread",V14.2 final,Frame time (p95),4.077111,results/runtime/v14_2_distilled_seed1200_cpu.json,All models use 20 ms algorithmic latency; V12 entries are structural benchmarks.
04_streaming_efficiency,deployment,"AMD Ryzen 7 7800X3D, one CPU thread",V8 Mamba,Streaming real-time factor,0.9166821996999999,results/runtime/v8_native_streaming_7800x3d.json,All models use 20 ms algorithmic latency; V12 entries are structural benchmarks.
04_streaming_efficiency,deployment,"AMD Ryzen 7 7800X3D, one CPU thread",V12 Mamba,Streaming real-time factor,0.9076274843333334,results/runtime/v12_structural_latency_7800x3d.json,All models use 20 ms algorithmic latency; V12 entries are structural benchmarks.
04_streaming_efficiency,deployment,"AMD Ryzen 7 7800X3D, one CPU thread",V12 GRU,Streaming real-time factor,0.6595717766666668,results/runtime/v12_structural_latency_7800x3d.json,All models use 20 ms algorithmic latency; V12 entries are structural benchmarks.
04_streaming_efficiency,deployment,"AMD Ryzen 7 7800X3D, one CPU thread",V13 GRU-T1,Streaming real-time factor,0.3684537620666667,results/runtime/v13_final_gru_seed1200_cpu.json,All models use 20 ms algorithmic latency; V12 entries are structural benchmarks.
04_streaming_efficiency,deployment,"AMD Ryzen 7 7800X3D, one CPU thread",V14.2 final,Streaming real-time factor,0.372386781,results/runtime/v14_2_distilled_seed1200_cpu.json,All models use 20 ms algorithmic latency; V12 entries are structural benchmarks.
04_streaming_efficiency,deployment,"AMD Ryzen 7 7800X3D, one CPU thread",V8 Mamba,Persistent state,5.679191589355469,results/runtime/v8_native_streaming_7800x3d.json,All models use 20 ms algorithmic latency; V12 entries are structural benchmarks.
04_streaming_efficiency,deployment,"AMD Ryzen 7 7800X3D, one CPU thread",V12 Mamba,Persistent state,5.679191589355469,results/runtime/v12_structural_latency_7800x3d.json,All models use 20 ms algorithmic latency; V12 entries are structural benchmarks.
04_streaming_efficiency,deployment,"AMD Ryzen 7 7800X3D, one CPU thread",V12 GRU,Persistent state,1.2612228393554688,results/runtime/v12_structural_latency_7800x3d.json,All models use 20 ms algorithmic latency; V12 entries are structural benchmarks.
04_streaming_efficiency,deployment,"AMD Ryzen 7 7800X3D, one CPU thread",V13 GRU-T1,Persistent state,0.118988037109375,results/runtime/v13_final_gru_seed1200_cpu.json,All models use 20 ms algorithmic latency; V12 entries are structural benchmarks.
04_streaming_efficiency,deployment,"AMD Ryzen 7 7800X3D, one CPU thread",V14.2 final,Persistent state,0.118988037109375,results/runtime/v14_2_distilled_seed1200_cpu.json,All models use 20 ms algorithmic latency; V12 entries are structural benchmarks.
05_preservation_models_dev400,development,VoiceBank locked development subset (400 files),V14.2,enhanced_pesq,2.157649056017399,results/v14/distillation/winner_dev400/summary.json,Figure shows delta from V14.2 value 2.15764906; single seed.
05_preservation_models_dev400,development,VoiceBank locked development subset (400 files),V15 quiet,enhanced_pesq,2.1494588991999626,results/v15/preservation/quiet_level_seed1200/voicebank_dev400/summary.json,Figure shows delta from V14.2 value 2.15764906; single seed.
05_preservation_models_dev400,development,VoiceBank locked development subset (400 files),V15 identity,enhanced_pesq,2.125707937180996,results/v15/preservation/quiet_level_identity_seed1200/voicebank_dev400/summary.json,Figure shows delta from V14.2 value 2.15764906; single seed.
05_preservation_models_dev400,development,VoiceBank locked development subset (400 files),V15 causal,enhanced_pesq,2.1545533502101897,results/v15/preservation/causal_preservation_gate_seed1200/voicebank_dev400/summary.json,Figure shows delta from V14.2 value 2.15764906; single seed.
05_preservation_models_dev400,development,VoiceBank locked development subset (400 files),V16 oracle,enhanced_pesq,2.1519728246331216,results/v16/oracle_gate_seed16040/voicebank_dev400/summary.json,Figure shows delta from V14.2 value 2.15764906; single seed.
05_preservation_models_dev400,development,VoiceBank locked development subset (400 files),V14.2,enhanced_si_sdr,14.433390217721461,results/v14/distillation/winner_dev400/summary.json,Figure shows delta from V14.2 value 14.43339022; single seed.
05_preservation_models_dev400,development,VoiceBank locked development subset (400 files),V15 quiet,enhanced_si_sdr,14.482353968918323,results/v15/preservation/quiet_level_seed1200/voicebank_dev400/summary.json,Figure shows delta from V14.2 value 14.43339022; single seed.
05_preservation_models_dev400,development,VoiceBank locked development subset (400 files),V15 identity,enhanced_si_sdr,14.355247344374657,results/v15/preservation/quiet_level_identity_seed1200/voicebank_dev400/summary.json,Figure shows delta from V14.2 value 14.43339022; single seed.
05_preservation_models_dev400,development,VoiceBank locked development subset (400 files),V15 causal,enhanced_si_sdr,14.479999705553055,results/v15/preservation/causal_preservation_gate_seed1200/voicebank_dev400/summary.json,Figure shows delta from V14.2 value 14.43339022; single seed.
05_preservation_models_dev400,development,VoiceBank locked development subset (400 files),V16 oracle,enhanced_si_sdr,14.32498961687088,results/v16/oracle_gate_seed16040/voicebank_dev400/summary.json,Figure shows delta from V14.2 value 14.43339022; single seed.
05_preservation_models_dev400,development,VoiceBank locked development subset (400 files),V14.2,enhanced_stoi,0.887729757951081,results/v14/distillation/winner_dev400/summary.json,Figure shows delta from V14.2 value 0.88772976; single seed.
05_preservation_models_dev400,development,VoiceBank locked development subset (400 files),V15 quiet,enhanced_stoi,0.8880308934136653,results/v15/preservation/quiet_level_seed1200/voicebank_dev400/summary.json,Figure shows delta from V14.2 value 0.88772976; single seed.
05_preservation_models_dev400,development,VoiceBank locked development subset (400 files),V15 identity,enhanced_stoi,0.8882199742292307,results/v15/preservation/quiet_level_identity_seed1200/voicebank_dev400/summary.json,Figure shows delta from V14.2 value 0.88772976; single seed.
05_preservation_models_dev400,development,VoiceBank locked development subset (400 files),V15 causal,enhanced_stoi,0.888244089277952,results/v15/preservation/causal_preservation_gate_seed1200/voicebank_dev400/summary.json,Figure shows delta from V14.2 value 0.88772976; single seed.
05_preservation_models_dev400,development,VoiceBank locked development subset (400 files),V16 oracle,enhanced_stoi,0.8880484955762026,results/v16/oracle_gate_seed16040/voicebank_dev400/summary.json,Figure shows delta from V14.2 value 0.88772976; single seed.
05_preservation_models_dev400,development,VoiceBank locked development subset (400 files),V14.2,enhanced_estoi,0.7669114649561586,results/v14/distillation/winner_dev400/summary.json,Figure shows delta from V14.2 value 0.76691146; single seed.
05_preservation_models_dev400,development,VoiceBank locked development subset (400 files),V15 quiet,enhanced_estoi,0.7674414710983704,results/v15/preservation/quiet_level_seed1200/voicebank_dev400/summary.json,Figure shows delta from V14.2 value 0.76691146; single seed.
05_preservation_models_dev400,development,VoiceBank locked development subset (400 files),V15 identity,enhanced_estoi,0.7670298659986335,results/v15/preservation/quiet_level_identity_seed1200/voicebank_dev400/summary.json,Figure shows delta from V14.2 value 0.76691146; single seed.
05_preservation_models_dev400,development,VoiceBank locked development subset (400 files),V15 causal,enhanced_estoi,0.7676012866280231,results/v15/preservation/causal_preservation_gate_seed1200/voicebank_dev400/summary.json,Figure shows delta from V14.2 value 0.76691146; single seed.
05_preservation_models_dev400,development,VoiceBank locked development subset (400 files),V16 oracle,enhanced_estoi,0.7640965589356923,results/v16/oracle_gate_seed16040/voicebank_dev400/summary.json,Figure shows delta from V14.2 value 0.76691146; single seed.
06_controller_recipe_outcomes,training-domain calibration,Controller calibration set (638 items),R5 utility,avoidable_violation_rate,0.3825136612021858,results/v17/recipe5_selection/summary.json,Development-only frozen recipe selection; not external or standard test.
06_controller_recipe_outcomes,training-domain calibration,Controller calibration set (638 items),R5b balanced,avoidable_violation_rate,0.2204007285974499,results/v17/recipe5b_selection/summary.json,Development-only frozen recipe selection; not external or standard test.
06_controller_recipe_outcomes,training-domain calibration,Controller calibration set (638 items),R6 statistics,avoidable_violation_rate,0.20765027322404372,results/v17/recipe6_selection/summary.json,Development-only frozen recipe selection; not external or standard test.
06_controller_recipe_outcomes,training-domain calibration,Controller calibration set (638 items),R6b policy,avoidable_violation_rate,0.20765027322404372,results/v17/recipe6b_policy_selection/summary.json,Development-only frozen recipe selection; not external or standard test.
06_controller_recipe_outcomes,training-domain calibration,Controller calibration set (638 items),R7a burn-in,avoidable_violation_rate,0.2040072859744991,results/v17/recipe7_conclusion.json,Development-only frozen recipe selection; not external or standard test.
06_controller_recipe_outcomes,training-domain calibration,Controller calibration set (638 items),R7b prefix,avoidable_violation_rate,0.20765027322404372,results/v17/recipe7_conclusion.json,Development-only frozen recipe selection; not external or standard test.
06_controller_recipe_outcomes,training-domain calibration,Controller calibration set (638 items),R8 two-stage,avoidable_violation_rate,0.21129326047358835,results/v18/recipe8_conclusion.json,Development-only frozen recipe selection; not external or standard test.
06_controller_recipe_outcomes,training-domain calibration,Controller calibration set (638 items),R5 utility,mean_constraint_violation,6.073827340250812,results/v17/recipe5_selection/summary.json,Development-only frozen recipe selection; not external or standard test.
06_controller_recipe_outcomes,training-domain calibration,Controller calibration set (638 items),R5b balanced,mean_constraint_violation,1.3958625015471589,results/v17/recipe5b_selection/summary.json,Development-only frozen recipe selection; not external or standard test.
06_controller_recipe_outcomes,training-domain calibration,Controller calibration set (638 items),R6 statistics,mean_constraint_violation,1.3299763612498285,results/v17/recipe6_selection/summary.json,Development-only frozen recipe selection; not external or standard test.
06_controller_recipe_outcomes,training-domain calibration,Controller calibration set (638 items),R6b policy,mean_constraint_violation,1.3177852333507212,results/v17/recipe6b_policy_selection/summary.json,Development-only frozen recipe selection; not external or standard test.
06_controller_recipe_outcomes,training-domain calibration,Controller calibration set (638 items),R7a burn-in,mean_constraint_violation,1.2684937961489935,results/v17/recipe7_conclusion.json,Development-only frozen recipe selection; not external or standard test.
06_controller_recipe_outcomes,training-domain calibration,Controller calibration set (638 items),R7b prefix,mean_constraint_violation,0.6797147203395275,results/v17/recipe7_conclusion.json,Development-only frozen recipe selection; not external or standard test.
06_controller_recipe_outcomes,training-domain calibration,Controller calibration set (638 items),R8 two-stage,mean_constraint_violation,0.6646859695812455,results/v18/recipe8_conclusion.json,Development-only frozen recipe selection; not external or standard test.
06_controller_recipe_outcomes,training-domain calibration,Controller calibration set (638 items),R5 utility,mean_utility,1.393899508551309,results/v17/recipe5_selection/summary.json,Development-only frozen recipe selection; not external or standard test.
06_controller_recipe_outcomes,training-domain calibration,Controller calibration set (638 items),R5b balanced,mean_utility,2.694420565427347,results/v17/recipe5b_selection/summary.json,Development-only frozen recipe selection; not external or standard test.
06_controller_recipe_outcomes,training-domain calibration,Controller calibration set (638 items),R6 statistics,mean_utility,2.7515325566184785,results/v17/recipe6_selection/summary.json,Development-only frozen recipe selection; not external or standard test.
06_controller_recipe_outcomes,training-domain calibration,Controller calibration set (638 items),R6b policy,mean_utility,2.7452571581828837,results/v17/recipe6b_policy_selection/summary.json,Development-only frozen recipe selection; not external or standard test.
06_controller_recipe_outcomes,training-domain calibration,Controller calibration set (638 items),R7a burn-in,mean_utility,2.7643395555709196,results/v17/recipe7_conclusion.json,Development-only frozen recipe selection; not external or standard test.
06_controller_recipe_outcomes,training-domain calibration,Controller calibration set (638 items),R7b prefix,mean_utility,2.614135659490239,results/v17/recipe7_conclusion.json,Development-only frozen recipe selection; not external or standard test.
06_controller_recipe_outcomes,training-domain calibration,Controller calibration set (638 items),R8 two-stage,mean_utility,2.589995905181959,results/v18/recipe8_conclusion.json,Development-only frozen recipe selection; not external or standard test.
06_controller_recipe_outcomes,training-domain calibration,Controller calibration set (638 items),R5 utility,mean_pesq_delta,0.34171787273939963,results/v17/recipe5_selection/summary.json,Development-only frozen recipe selection; not external or standard test.
06_controller_recipe_outcomes,training-domain calibration,Controller calibration set (638 items),R5b balanced,mean_pesq_delta,0.3634676583333517,results/v17/recipe5b_selection/summary.json,Development-only frozen recipe selection; not external or standard test.
06_controller_recipe_outcomes,training-domain calibration,Controller calibration set (638 items),R6 statistics,mean_pesq_delta,0.375362078286415,results/v17/recipe6_selection/summary.json,Development-only frozen recipe selection; not external or standard test.
06_controller_recipe_outcomes,training-domain calibration,Controller calibration set (638 items),R6b policy,mean_pesq_delta,0.37441613329823015,results/v17/recipe6b_policy_selection/summary.json,Development-only frozen recipe selection; not external or standard test.
06_controller_recipe_outcomes,training-domain calibration,Controller calibration set (638 items),R7a burn-in,mean_pesq_delta,0.3753784548731015,results/v17/recipe7_conclusion.json,Development-only frozen recipe selection; not external or standard test.
06_controller_recipe_outcomes,training-domain calibration,Controller calibration set (638 items),R7b prefix,mean_pesq_delta,0.34881781689600444,results/v17/recipe7_conclusion.json,Development-only frozen recipe selection; not external or standard test.
06_controller_recipe_outcomes,training-domain calibration,Controller calibration set (638 items),R8 two-stage,mean_pesq_delta,0.34444291513044756,results/v18/recipe8_conclusion.json,Development-only frozen recipe selection; not external or standard test.
06_controller_recipe_outcomes,training-domain calibration,Controller calibration set (638 items),R5 utility,si_sdr_violation_rate,0.22413793103448276,results/v17/recipe5_selection/summary.json,Development-only frozen recipe selection; not external or standard test.
06_controller_recipe_outcomes,training-domain calibration,Controller calibration set (638 items),R5b balanced,si_sdr_violation_rate,0.08463949843260188,results/v17/recipe5b_selection/summary.json,Development-only frozen recipe selection; not external or standard test.
06_controller_recipe_outcomes,training-domain calibration,Controller calibration set (638 items),R6 statistics,si_sdr_violation_rate,0.07836990595611286,results/v17/recipe6_selection/summary.json,Development-only frozen recipe selection; not external or standard test.
06_controller_recipe_outcomes,training-domain calibration,Controller calibration set (638 items),R6b policy,si_sdr_violation_rate,0.07836990595611286,results/v17/recipe6b_policy_selection/summary.json,Development-only frozen recipe selection; not external or standard test.
06_controller_recipe_outcomes,training-domain calibration,Controller calibration set (638 items),R7a burn-in,si_sdr_violation_rate,0.0768025078369906,results/v17/recipe7_conclusion.json,Development-only frozen recipe selection; not external or standard test.
06_controller_recipe_outcomes,training-domain calibration,Controller calibration set (638 items),R7b prefix,si_sdr_violation_rate,0.048589341692789965,results/v17/recipe7_conclusion.json,Development-only frozen recipe selection; not external or standard test.
06_controller_recipe_outcomes,training-domain calibration,Controller calibration set (638 items),R8 two-stage,si_sdr_violation_rate,0.04231974921630094,results/v18/recipe8_conclusion.json,Development-only frozen recipe selection; not external or standard test.
06_controller_recipe_outcomes,training-domain calibration,Controller calibration set (638 items),R5 utility,stoi_violation_rate,0.3714733542319749,results/v17/recipe5_selection/summary.json,Development-only frozen recipe selection; not external or standard test.
06_controller_recipe_outcomes,training-domain calibration,Controller calibration set (638 items),R5b balanced,stoi_violation_rate,0.16300940438871472,results/v17/recipe5b_selection/summary.json,Development-only frozen recipe selection; not external or standard test.
06_controller_recipe_outcomes,training-domain calibration,Controller calibration set (638 items),R6 statistics,stoi_violation_rate,0.15517241379310345,results/v17/recipe6_selection/summary.json,Development-only frozen recipe selection; not external or standard test.
06_controller_recipe_outcomes,training-domain calibration,Controller calibration set (638 items),R6b policy,stoi_violation_rate,0.14890282131661442,results/v17/recipe6b_policy_selection/summary.json,Development-only frozen recipe selection; not external or standard test.
06_controller_recipe_outcomes,training-domain calibration,Controller calibration set (638 items),R7a burn-in,stoi_violation_rate,0.14733542319749215,results/v17/recipe7_conclusion.json,Development-only frozen recipe selection; not external or standard test.
06_controller_recipe_outcomes,training-domain calibration,Controller calibration set (638 items),R7b prefix,stoi_violation_rate,0.08620689655172414,results/v17/recipe7_conclusion.json,Development-only frozen recipe selection; not external or standard test.
06_controller_recipe_outcomes,training-domain calibration,Controller calibration set (638 items),R8 two-stage,stoi_violation_rate,0.0768025078369906,results/v18/recipe8_conclusion.json,Development-only frozen recipe selection; not external or standard test.
06_controller_recipe_outcomes,training-domain calibration,Controller calibration set (638 items),R5 utility,estoi_violation_rate,0.274294670846395,results/v17/recipe5_selection/summary.json,Development-only frozen recipe selection; not external or standard test.
06_controller_recipe_outcomes,training-domain calibration,Controller calibration set (638 items),R5b balanced,estoi_violation_rate,0.08620689655172414,results/v17/recipe5b_selection/summary.json,Development-only frozen recipe selection; not external or standard test.
06_controller_recipe_outcomes,training-domain calibration,Controller calibration set (638 items),R6 statistics,estoi_violation_rate,0.08307210031347963,results/v17/recipe6_selection/summary.json,Development-only frozen recipe selection; not external or standard test.
06_controller_recipe_outcomes,training-domain calibration,Controller calibration set (638 items),R6b policy,estoi_violation_rate,0.07993730407523511,results/v17/recipe6b_policy_selection/summary.json,Development-only frozen recipe selection; not external or standard test.
06_controller_recipe_outcomes,training-domain calibration,Controller calibration set (638 items),R7a burn-in,estoi_violation_rate,0.0768025078369906,results/v17/recipe7_conclusion.json,Development-only frozen recipe selection; not external or standard test.
06_controller_recipe_outcomes,training-domain calibration,Controller calibration set (638 items),R7b prefix,estoi_violation_rate,0.050156739811912224,results/v17/recipe7_conclusion.json,Development-only frozen recipe selection; not external or standard test.
06_controller_recipe_outcomes,training-domain calibration,Controller calibration set (638 items),R8 two-stage,estoi_violation_rate,0.047021943573667714,results/v18/recipe8_conclusion.json,Development-only frozen recipe selection; not external or standard test.
07_historical_test_exploration,historical exploratory,VoiceBank-DEMAND test (reused during early exploration),Residual Mamba fixed scale,enhanced_pesq,2.116085811726098,results/metrics/cnvqg_residual_mamba_fixed_scale_test_full/summary.json,Appendix/context only; repeated test evaluation invalidates model-selection ranking.
07_historical_test_exploration,historical exploratory,VoiceBank-DEMAND test (reused during early exploration),Mamba 1m opt vq weight 050,enhanced_pesq,2.1695254685230627,results/metrics/cnvqg_mamba_1m_opt_vq_weight_050_test_full/summary.json,Appendix/context only; repeated test evaluation invalidates model-selection ranking.
07_historical_test_exploration,historical exploratory,VoiceBank-DEMAND test (reused during early exploration),Mamba 1m opt vq codebook 64,enhanced_pesq,2.1735521002301894,results/metrics/cnvqg_mamba_1m_opt_vq_codebook_64_test_full/summary.json,Appendix/context only; repeated test evaluation invalidates model-selection ranking.
07_historical_test_exploration,historical exploratory,VoiceBank-DEMAND test (reused during early exploration),Mamba 1m opt sched,enhanced_pesq,2.176485600691397,results/metrics/cnvqg_mamba_1m_opt_sched_test_full/summary.json,Appendix/context only; repeated test evaluation invalidates model-selection ranking.
07_historical_test_exploration,historical exploratory,VoiceBank-DEMAND test (reused during early exploration),Mamba 1m opt mel 010 ft,enhanced_pesq,2.188660988529909,results/metrics/cnvqg_mamba_1m_opt_mel_010_ft_test_full/summary.json,Appendix/context only; repeated test evaluation invalidates model-selection ranking.
07_historical_test_exploration,historical exploratory,VoiceBank-DEMAND test (reused during early exploration),Mamba 1m opt mel 020 ft,enhanced_pesq,2.1920178983975385,results/metrics/cnvqg_mamba_1m_opt_mel_020_ft_test_full/summary.json,Appendix/context only; repeated test evaluation invalidates model-selection ranking.
07_historical_test_exploration,historical exploratory,VoiceBank-DEMAND test (reused during early exploration),Mamba 1m opt mel 020 metric 0003 ft,enhanced_pesq,2.1921117035219972,results/metrics/cnvqg_mamba_1m_opt_mel_020_metric_0003_ft_test_full/summary.json,Appendix/context only; repeated test evaluation invalidates model-selection ranking.
07_historical_test_exploration,historical exploratory,VoiceBank-DEMAND test (reused during early exploration),Mamba 1m opt mel 020 metric 0005 ft,enhanced_pesq,2.196861183035721,results/metrics/cnvqg_mamba_1m_opt_mel_020_metric_0005_ft_test_full/summary.json,Appendix/context only; repeated test evaluation invalidates model-selection ranking.
07_historical_test_exploration,historical exploratory,VoiceBank-DEMAND test (reused during early exploration),Hybrid TF phase4c magonly cont,enhanced_pesq,2.2548061587567467,results/metrics/cnvqg_hybrid_tf_phase4c_magonly_cont_test_full/summary.json,Appendix/context only; repeated test evaluation invalidates model-selection ranking.
07_historical_test_exploration,historical exploratory,VoiceBank-DEMAND test (reused during early exploration),Hybrid TF phase4c metric0010 joint lr2e6,enhanced_pesq,2.2564769744583706,results/metrics/cnvqg_hybrid_tf_phase4c_metric0010_joint_lr2e6_test_full/summary.json,Appendix/context only; repeated test evaluation invalidates model-selection ranking.
07_historical_test_exploration,historical exploratory,VoiceBank-DEMAND test (reused during early exploration),Hybrid TF phase4c magphase cont,enhanced_pesq,2.2578398865982168,results/metrics/cnvqg_hybrid_tf_phase4c_magphase_cont_test_full/summary.json,Appendix/context only; repeated test evaluation invalidates model-selection ranking.
07_historical_test_exploration,historical exploratory,VoiceBank-DEMAND test (reused during early exploration),Hybrid TF phase4c magonly,enhanced_pesq,2.260691834595597,results/metrics/cnvqg_hybrid_tf_phase4c_magonly_test_full/summary.json,Appendix/context only; repeated test evaluation invalidates model-selection ranking.
07_historical_test_exploration,historical exploratory,VoiceBank-DEMAND test (reused during early exploration),Hybrid TF phase4c magphase cont metric0010,enhanced_pesq,2.2616730929867734,results/metrics/cnvqg_hybrid_tf_phase4c_magphase_cont_metric0010_test_full/summary.json,Appendix/context only; repeated test evaluation invalidates model-selection ranking.
07_historical_test_exploration,historical exploratory,VoiceBank-DEMAND test (reused during early exploration),Hybrid TF phase4c magphase,enhanced_pesq,2.2674647345415595,results/metrics/cnvqg_hybrid_tf_phase4c_magphase_test_full/summary.json,Appendix/context only; repeated test evaluation invalidates model-selection ranking.
07_historical_test_exploration,historical exploratory,VoiceBank-DEMAND test (reused during early exploration),Streaming hybrid v3 teacher joint epoch10,enhanced_pesq,2.3028645389577718,results/metrics/streaming_hybrid_v3_teacher_joint_epoch10_test_full/summary.json,Appendix/context only; repeated test evaluation invalidates model-selection ranking.
07_historical_test_exploration,historical exploratory,VoiceBank-DEMAND test (reused during early exploration),NA-TF v4 baseline stage1 1iter,enhanced_pesq,2.6900454901375817,results/metrics/noise_adaptive_tf_mamba_v4_baseline_stage1_1iter_test_full/summary.json,Appendix/context only; repeated test evaluation invalidates model-selection ranking.
07_historical_test_exploration,historical exploratory,VoiceBank-DEMAND test (reused during early exploration),NA-TF v4 baseline stage2 2iter,enhanced_pesq,2.700718813295503,results/metrics/noise_adaptive_tf_mamba_v4_baseline_stage2_2iter_test_full/summary.json,Appendix/context only; repeated test evaluation invalidates model-selection ranking.
07_historical_test_exploration,historical exploratory,VoiceBank-DEMAND test (reused during early exploration),NA-TF v4 fixed2 extended control,enhanced_pesq,2.763851780625223,results/metrics/noise_adaptive_tf_mamba_v4_fixed2_extended_control_test_full/summary.json,Appendix/context only; repeated test evaluation invalidates model-selection ranking.
07_historical_test_exploration,historical exploratory,VoiceBank-DEMAND test (reused during early exploration),NA-TF v4 noise adaptive,enhanced_pesq,2.7817833792526745,results/metrics/noise_adaptive_tf_mamba_v4_noise_adaptive_test_full/summary.json,Appendix/context only; repeated test evaluation invalidates model-selection ranking.
07_historical_test_exploration,historical exploratory,VoiceBank-DEMAND test (reused during early exploration),NA-TF v41 skip dual baseline,enhanced_pesq,2.8154616587370347,results/metrics/noise_adaptive_tf_mamba_v41_skip_dual_baseline_test_full/summary.json,Appendix/context only; repeated test evaluation invalidates model-selection ranking.
07_historical_test_exploration,historical exploratory,VoiceBank-DEMAND test (reused during early exploration),CA-TF v42 perceptual finetune,enhanced_pesq,2.862692265111266,results/metrics/continuous_adaptive_tf_mamba_v42_perceptual_finetune_test_full/summary.json,Appendix/context only; repeated test evaluation invalidates model-selection ranking.
07_historical_test_exploration,historical exploratory,VoiceBank-DEMAND test (reused during early exploration),NA-TF v41 muon finetune,enhanced_pesq,2.8887975991350934,results/metrics/noise_adaptive_tf_mamba_v41_muon_finetune_test_full/summary.json,Appendix/context only; repeated test evaluation invalidates model-selection ranking.
07_historical_test_exploration,historical exploratory,VoiceBank-DEMAND test (reused during early exploration),NA-TF v41 segment vq muon,enhanced_pesq,2.921862294373003,results/metrics/noise_adaptive_tf_mamba_v41_segment_vq_muon_test_full/summary.json,Appendix/context only; repeated test evaluation invalidates model-selection ranking.
07_historical_test_exploration,historical exploratory,VoiceBank-DEMAND test (reused during early exploration),Residual Mamba fixed scale,enhanced_si_sdr,18.501424204377294,results/metrics/cnvqg_residual_mamba_fixed_scale_test_full/summary.json,Appendix/context only; repeated test evaluation invalidates model-selection ranking.
07_historical_test_exploration,historical exploratory,VoiceBank-DEMAND test (reused during early exploration),Mamba 1m opt vq weight 050,enhanced_si_sdr,18.846318304538727,results/metrics/cnvqg_mamba_1m_opt_vq_weight_050_test_full/summary.json,Appendix/context only; repeated test evaluation invalidates model-selection ranking.
07_historical_test_exploration,historical exploratory,VoiceBank-DEMAND test (reused during early exploration),Mamba 1m opt vq codebook 64,enhanced_si_sdr,18.862403277054575,results/metrics/cnvqg_mamba_1m_opt_vq_codebook_64_test_full/summary.json,Appendix/context only; repeated test evaluation invalidates model-selection ranking.
07_historical_test_exploration,historical exploratory,VoiceBank-DEMAND test (reused during early exploration),Mamba 1m opt sched,enhanced_si_sdr,18.825342075917327,results/metrics/cnvqg_mamba_1m_opt_sched_test_full/summary.json,Appendix/context only; repeated test evaluation invalidates model-selection ranking.
07_historical_test_exploration,historical exploratory,VoiceBank-DEMAND test (reused during early exploration),Mamba 1m opt mel 010 ft,enhanced_si_sdr,18.887111774926048,results/metrics/cnvqg_mamba_1m_opt_mel_010_ft_test_full/summary.json,Appendix/context only; repeated test evaluation invalidates model-selection ranking.
07_historical_test_exploration,historical exploratory,VoiceBank-DEMAND test (reused during early exploration),Mamba 1m opt mel 020 ft,enhanced_si_sdr,18.895493968597894,results/metrics/cnvqg_mamba_1m_opt_mel_020_ft_test_full/summary.json,Appendix/context only; repeated test evaluation invalidates model-selection ranking.
07_historical_test_exploration,historical exploratory,VoiceBank-DEMAND test (reused during early exploration),Mamba 1m opt mel 020 metric 0003 ft,enhanced_si_sdr,18.8972884219827,results/metrics/cnvqg_mamba_1m_opt_mel_020_metric_0003_ft_test_full/summary.json,Appendix/context only; repeated test evaluation invalidates model-selection ranking.
07_historical_test_exploration,historical exploratory,VoiceBank-DEMAND test (reused during early exploration),Mamba 1m opt mel 020 metric 0005 ft,enhanced_si_sdr,18.887122882801354,results/metrics/cnvqg_mamba_1m_opt_mel_020_metric_0005_ft_test_full/summary.json,Appendix/context only; repeated test evaluation invalidates model-selection ranking.
07_historical_test_exploration,historical exploratory,VoiceBank-DEMAND test (reused during early exploration),Hybrid TF phase4c magonly cont,enhanced_si_sdr,19.24238200558042,results/metrics/cnvqg_hybrid_tf_phase4c_magonly_cont_test_full/summary.json,Appendix/context only; repeated test evaluation invalidates model-selection ranking.
07_historical_test_exploration,historical exploratory,VoiceBank-DEMAND test (reused during early exploration),Hybrid TF phase4c metric0010 joint lr2e6,enhanced_si_sdr,19.26507615175062,results/metrics/cnvqg_hybrid_tf_phase4c_metric0010_joint_lr2e6_test_full/summary.json,Appendix/context only; repeated test evaluation invalidates model-selection ranking.
07_historical_test_exploration,historical exploratory,VoiceBank-DEMAND test (reused during early exploration),Hybrid TF phase4c magphase cont,enhanced_si_sdr,19.245540460336557,results/metrics/cnvqg_hybrid_tf_phase4c_magphase_cont_test_full/summary.json,Appendix/context only; repeated test evaluation invalidates model-selection ranking.
07_historical_test_exploration,historical exploratory,VoiceBank-DEMAND test (reused during early exploration),Hybrid TF phase4c magonly,enhanced_si_sdr,19.22241237846393,results/metrics/cnvqg_hybrid_tf_phase4c_magonly_test_full/summary.json,Appendix/context only; repeated test evaluation invalidates model-selection ranking.
07_historical_test_exploration,historical exploratory,VoiceBank-DEMAND test (reused during early exploration),Hybrid TF phase4c magphase cont metric0010,enhanced_si_sdr,19.25946844434275,results/metrics/cnvqg_hybrid_tf_phase4c_magphase_cont_metric0010_test_full/summary.json,Appendix/context only; repeated test evaluation invalidates model-selection ranking.
07_historical_test_exploration,historical exploratory,VoiceBank-DEMAND test (reused during early exploration),Hybrid TF phase4c magphase,enhanced_si_sdr,19.227798565498833,results/metrics/cnvqg_hybrid_tf_phase4c_magphase_test_full/summary.json,Appendix/context only; repeated test evaluation invalidates model-selection ranking.
07_historical_test_exploration,historical exploratory,VoiceBank-DEMAND test (reused during early exploration),Streaming hybrid v3 teacher joint epoch10,enhanced_si_sdr,18.890771679507875,results/metrics/streaming_hybrid_v3_teacher_joint_epoch10_test_full/summary.json,Appendix/context only; repeated test evaluation invalidates model-selection ranking.
07_historical_test_exploration,historical exploratory,VoiceBank-DEMAND test (reused during early exploration),NA-TF v4 baseline stage1 1iter,enhanced_si_sdr,18.655812166269545,results/metrics/noise_adaptive_tf_mamba_v4_baseline_stage1_1iter_test_full/summary.json,Appendix/context only; repeated test evaluation invalidates model-selection ranking.
07_historical_test_exploration,historical exploratory,VoiceBank-DEMAND test (reused during early exploration),NA-TF v4 baseline stage2 2iter,enhanced_si_sdr,18.72459470184104,results/metrics/noise_adaptive_tf_mamba_v4_baseline_stage2_2iter_test_full/summary.json,Appendix/context only; repeated test evaluation invalidates model-selection ranking.
07_historical_test_exploration,historical exploratory,VoiceBank-DEMAND test (reused during early exploration),NA-TF v4 fixed2 extended control,enhanced_si_sdr,18.838812160839154,results/metrics/noise_adaptive_tf_mamba_v4_fixed2_extended_control_test_full/summary.json,Appendix/context only; repeated test evaluation invalidates model-selection ranking.
07_historical_test_exploration,historical exploratory,VoiceBank-DEMAND test (reused during early exploration),NA-TF v4 noise adaptive,enhanced_si_sdr,18.860018969739524,results/metrics/noise_adaptive_tf_mamba_v4_noise_adaptive_test_full/summary.json,Appendix/context only; repeated test evaluation invalidates model-selection ranking.
07_historical_test_exploration,historical exploratory,VoiceBank-DEMAND test (reused during early exploration),NA-TF v41 skip dual baseline,enhanced_si_sdr,19.493839832764227,results/metrics/noise_adaptive_tf_mamba_v41_skip_dual_baseline_test_full/summary.json,Appendix/context only; repeated test evaluation invalidates model-selection ranking.
07_historical_test_exploration,historical exploratory,VoiceBank-DEMAND test (reused during early exploration),CA-TF v42 perceptual finetune,enhanced_si_sdr,19.559832223410744,results/metrics/continuous_adaptive_tf_mamba_v42_perceptual_finetune_test_full/summary.json,Appendix/context only; repeated test evaluation invalidates model-selection ranking.
07_historical_test_exploration,historical exploratory,VoiceBank-DEMAND test (reused during early exploration),NA-TF v41 muon finetune,enhanced_si_sdr,19.556446349736557,results/metrics/noise_adaptive_tf_mamba_v41_muon_finetune_test_full/summary.json,Appendix/context only; repeated test evaluation invalidates model-selection ranking.
07_historical_test_exploration,historical exploratory,VoiceBank-DEMAND test (reused during early exploration),NA-TF v41 segment vq muon,enhanced_si_sdr,19.36219414518875,results/metrics/noise_adaptive_tf_mamba_v41_segment_vq_muon_test_full/summary.json,Appendix/context only; repeated test evaluation invalidates model-selection ranking.
07_historical_test_exploration,historical exploratory,VoiceBank-DEMAND test (reused during early exploration),Residual Mamba fixed scale,enhanced_stoi,0.9317180797087534,results/metrics/cnvqg_residual_mamba_fixed_scale_test_full/summary.json,Appendix/context only; repeated test evaluation invalidates model-selection ranking.
07_historical_test_exploration,historical exploratory,VoiceBank-DEMAND test (reused during early exploration),Mamba 1m opt vq weight 050,enhanced_stoi,0.9342307679445458,results/metrics/cnvqg_mamba_1m_opt_vq_weight_050_test_full/summary.json,Appendix/context only; repeated test evaluation invalidates model-selection ranking.
07_historical_test_exploration,historical exploratory,VoiceBank-DEMAND test (reused during early exploration),Mamba 1m opt vq codebook 64,enhanced_stoi,0.9338681603733948,results/metrics/cnvqg_mamba_1m_opt_vq_codebook_64_test_full/summary.json,Appendix/context only; repeated test evaluation invalidates model-selection ranking.
07_historical_test_exploration,historical exploratory,VoiceBank-DEMAND test (reused during early exploration),Mamba 1m opt sched,enhanced_stoi,0.9353103269652672,results/metrics/cnvqg_mamba_1m_opt_sched_test_full/summary.json,Appendix/context only; repeated test evaluation invalidates model-selection ranking.
07_historical_test_exploration,historical exploratory,VoiceBank-DEMAND test (reused during early exploration),Mamba 1m opt mel 010 ft,enhanced_stoi,0.9360051433186966,results/metrics/cnvqg_mamba_1m_opt_mel_010_ft_test_full/summary.json,Appendix/context only; repeated test evaluation invalidates model-selection ranking.
07_historical_test_exploration,historical exploratory,VoiceBank-DEMAND test (reused during early exploration),Mamba 1m opt mel 020 ft,enhanced_stoi,0.9360645551804324,results/metrics/cnvqg_mamba_1m_opt_mel_020_ft_test_full/summary.json,Appendix/context only; repeated test evaluation invalidates model-selection ranking.
07_historical_test_exploration,historical exploratory,VoiceBank-DEMAND test (reused during early exploration),Mamba 1m opt mel 020 metric 0003 ft,enhanced_stoi,0.936461542555619,results/metrics/cnvqg_mamba_1m_opt_mel_020_metric_0003_ft_test_full/summary.json,Appendix/context only; repeated test evaluation invalidates model-selection ranking.
07_historical_test_exploration,historical exploratory,VoiceBank-DEMAND test (reused during early exploration),Mamba 1m opt mel 020 metric 0005 ft,enhanced_stoi,0.9364050047208934,results/metrics/cnvqg_mamba_1m_opt_mel_020_metric_0005_ft_test_full/summary.json,Appendix/context only; repeated test evaluation invalidates model-selection ranking.
07_historical_test_exploration,historical exploratory,VoiceBank-DEMAND test (reused during early exploration),Hybrid TF phase4c magonly cont,enhanced_stoi,0.937512454472227,results/metrics/cnvqg_hybrid_tf_phase4c_magonly_cont_test_full/summary.json,Appendix/context only; repeated test evaluation invalidates model-selection ranking.
07_historical_test_exploration,historical exploratory,VoiceBank-DEMAND test (reused during early exploration),Hybrid TF phase4c metric0010 joint lr2e6,enhanced_stoi,0.9381157140752305,results/metrics/cnvqg_hybrid_tf_phase4c_metric0010_joint_lr2e6_test_full/summary.json,Appendix/context only; repeated test evaluation invalidates model-selection ranking.
07_historical_test_exploration,historical exploratory,VoiceBank-DEMAND test (reused during early exploration),Hybrid TF phase4c magphase cont,enhanced_stoi,0.937455109551783,results/metrics/cnvqg_hybrid_tf_phase4c_magphase_cont_test_full/summary.json,Appendix/context only; repeated test evaluation invalidates model-selection ranking.
07_historical_test_exploration,historical exploratory,VoiceBank-DEMAND test (reused during early exploration),Hybrid TF phase4c magonly,enhanced_stoi,0.9373479818100606,results/metrics/cnvqg_hybrid_tf_phase4c_magonly_test_full/summary.json,Appendix/context only; repeated test evaluation invalidates model-selection ranking.
07_historical_test_exploration,historical exploratory,VoiceBank-DEMAND test (reused during early exploration),Hybrid TF phase4c magphase cont metric0010,enhanced_stoi,0.9374769328719774,results/metrics/cnvqg_hybrid_tf_phase4c_magphase_cont_metric0010_test_full/summary.json,Appendix/context only; repeated test evaluation invalidates model-selection ranking.
07_historical_test_exploration,historical exploratory,VoiceBank-DEMAND test (reused during early exploration),Hybrid TF phase4c magphase,enhanced_stoi,0.9372642792097187,results/metrics/cnvqg_hybrid_tf_phase4c_magphase_test_full/summary.json,Appendix/context only; repeated test evaluation invalidates model-selection ranking.
07_historical_test_exploration,historical exploratory,VoiceBank-DEMAND test (reused during early exploration),Streaming hybrid v3 teacher joint epoch10,enhanced_stoi,0.9391493173111867,results/metrics/streaming_hybrid_v3_teacher_joint_epoch10_test_full/summary.json,Appendix/context only; repeated test evaluation invalidates model-selection ranking.
07_historical_test_exploration,historical exploratory,VoiceBank-DEMAND test (reused during early exploration),NA-TF v4 baseline stage1 1iter,enhanced_stoi,0.9381687908681305,results/metrics/noise_adaptive_tf_mamba_v4_baseline_stage1_1iter_test_full/summary.json,Appendix/context only; repeated test evaluation invalidates model-selection ranking.
07_historical_test_exploration,historical exploratory,VoiceBank-DEMAND test (reused during early exploration),NA-TF v4 baseline stage2 2iter,enhanced_stoi,0.939540288014823,results/metrics/noise_adaptive_tf_mamba_v4_baseline_stage2_2iter_test_full/summary.json,Appendix/context only; repeated test evaluation invalidates model-selection ranking.
07_historical_test_exploration,historical exploratory,VoiceBank-DEMAND test (reused during early exploration),NA-TF v4 fixed2 extended control,enhanced_stoi,0.9397012816851213,results/metrics/noise_adaptive_tf_mamba_v4_fixed2_extended_control_test_full/summary.json,Appendix/context only; repeated test evaluation invalidates model-selection ranking.
07_historical_test_exploration,historical exploratory,VoiceBank-DEMAND test (reused during early exploration),NA-TF v4 noise adaptive,enhanced_stoi,0.9401117276070715,results/metrics/noise_adaptive_tf_mamba_v4_noise_adaptive_test_full/summary.json,Appendix/context only; repeated test evaluation invalidates model-selection ranking.
07_historical_test_exploration,historical exploratory,VoiceBank-DEMAND test (reused during early exploration),NA-TF v41 skip dual baseline,enhanced_stoi,0.9405343849837369,results/metrics/noise_adaptive_tf_mamba_v41_skip_dual_baseline_test_full/summary.json,Appendix/context only; repeated test evaluation invalidates model-selection ranking.
07_historical_test_exploration,historical exploratory,VoiceBank-DEMAND test (reused during early exploration),CA-TF v42 perceptual finetune,enhanced_stoi,0.9450507612304582,results/metrics/continuous_adaptive_tf_mamba_v42_perceptual_finetune_test_full/summary.json,Appendix/context only; repeated test evaluation invalidates model-selection ranking.
07_historical_test_exploration,historical exploratory,VoiceBank-DEMAND test (reused during early exploration),NA-TF v41 muon finetune,enhanced_stoi,0.9422077148802889,results/metrics/noise_adaptive_tf_mamba_v41_muon_finetune_test_full/summary.json,Appendix/context only; repeated test evaluation invalidates model-selection ranking.
07_historical_test_exploration,historical exploratory,VoiceBank-DEMAND test (reused during early exploration),NA-TF v41 segment vq muon,enhanced_stoi,0.9430520614611215,results/metrics/noise_adaptive_tf_mamba_v41_segment_vq_muon_test_full/summary.json,Appendix/context only; repeated test evaluation invalidates model-selection ranking.
07_historical_test_exploration,historical exploratory,VoiceBank-DEMAND test (reused during early exploration),Residual Mamba fixed scale,enhanced_estoi,0.8212745666359141,results/metrics/cnvqg_residual_mamba_fixed_scale_test_full/summary.json,Appendix/context only; repeated test evaluation invalidates model-selection ranking.
07_historical_test_exploration,historical exploratory,VoiceBank-DEMAND test (reused during early exploration),Mamba 1m opt vq weight 050,enhanced_estoi,0.8279225131611132,results/metrics/cnvqg_mamba_1m_opt_vq_weight_050_test_full/summary.json,Appendix/context only; repeated test evaluation invalidates model-selection ranking.
07_historical_test_exploration,historical exploratory,VoiceBank-DEMAND test (reused during early exploration),Mamba 1m opt vq codebook 64,enhanced_estoi,0.82804055700395,results/metrics/cnvqg_mamba_1m_opt_vq_codebook_64_test_full/summary.json,Appendix/context only; repeated test evaluation invalidates model-selection ranking.
07_historical_test_exploration,historical exploratory,VoiceBank-DEMAND test (reused during early exploration),Mamba 1m opt sched,enhanced_estoi,0.8287611873076998,results/metrics/cnvqg_mamba_1m_opt_sched_test_full/summary.json,Appendix/context only; repeated test evaluation invalidates model-selection ranking.
07_historical_test_exploration,historical exploratory,VoiceBank-DEMAND test (reused during early exploration),Mamba 1m opt mel 010 ft,enhanced_estoi,0.8322725791662264,results/metrics/cnvqg_mamba_1m_opt_mel_010_ft_test_full/summary.json,Appendix/context only; repeated test evaluation invalidates model-selection ranking.
07_historical_test_exploration,historical exploratory,VoiceBank-DEMAND test (reused during early exploration),Mamba 1m opt mel 020 ft,enhanced_estoi,0.8322762042690567,results/metrics/cnvqg_mamba_1m_opt_mel_020_ft_test_full/summary.json,Appendix/context only; repeated test evaluation invalidates model-selection ranking.
07_historical_test_exploration,historical exploratory,VoiceBank-DEMAND test (reused during early exploration),Mamba 1m opt mel 020 metric 0003 ft,enhanced_estoi,0.8331525540779675,results/metrics/cnvqg_mamba_1m_opt_mel_020_metric_0003_ft_test_full/summary.json,Appendix/context only; repeated test evaluation invalidates model-selection ranking.
07_historical_test_exploration,historical exploratory,VoiceBank-DEMAND test (reused during early exploration),Mamba 1m opt mel 020 metric 0005 ft,enhanced_estoi,0.8329648256121651,results/metrics/cnvqg_mamba_1m_opt_mel_020_metric_0005_ft_test_full/summary.json,Appendix/context only; repeated test evaluation invalidates model-selection ranking.
07_historical_test_exploration,historical exploratory,VoiceBank-DEMAND test (reused during early exploration),Hybrid TF phase4c magonly cont,enhanced_estoi,0.8367536126307777,results/metrics/cnvqg_hybrid_tf_phase4c_magonly_cont_test_full/summary.json,Appendix/context only; repeated test evaluation invalidates model-selection ranking.
07_historical_test_exploration,historical exploratory,VoiceBank-DEMAND test (reused during early exploration),Hybrid TF phase4c metric0010 joint lr2e6,enhanced_estoi,0.8377714313113671,results/metrics/cnvqg_hybrid_tf_phase4c_metric0010_joint_lr2e6_test_full/summary.json,Appendix/context only; repeated test evaluation invalidates model-selection ranking.
07_historical_test_exploration,historical exploratory,VoiceBank-DEMAND test (reused during early exploration),Hybrid TF phase4c magphase cont,enhanced_estoi,0.8368397669353183,results/metrics/cnvqg_hybrid_tf_phase4c_magphase_cont_test_full/summary.json,Appendix/context only; repeated test evaluation invalidates model-selection ranking.
07_historical_test_exploration,historical exploratory,VoiceBank-DEMAND test (reused during early exploration),Hybrid TF phase4c magonly,enhanced_estoi,0.8366485411773447,results/metrics/cnvqg_hybrid_tf_phase4c_magonly_test_full/summary.json,Appendix/context only; repeated test evaluation invalidates model-selection ranking.
07_historical_test_exploration,historical exploratory,VoiceBank-DEMAND test (reused during early exploration),Hybrid TF phase4c magphase cont metric0010,enhanced_estoi,0.8368864575361733,results/metrics/cnvqg_hybrid_tf_phase4c_magphase_cont_metric0010_test_full/summary.json,Appendix/context only; repeated test evaluation invalidates model-selection ranking.
07_historical_test_exploration,historical exploratory,VoiceBank-DEMAND test (reused during early exploration),Hybrid TF phase4c magphase,enhanced_estoi,0.8362251074512533,results/metrics/cnvqg_hybrid_tf_phase4c_magphase_test_full/summary.json,Appendix/context only; repeated test evaluation invalidates model-selection ranking.
07_historical_test_exploration,historical exploratory,VoiceBank-DEMAND test (reused during early exploration),Streaming hybrid v3 teacher joint epoch10,enhanced_estoi,0.8405075952705835,results/metrics/streaming_hybrid_v3_teacher_joint_epoch10_test_full/summary.json,Appendix/context only; repeated test evaluation invalidates model-selection ranking.
07_historical_test_exploration,historical exploratory,VoiceBank-DEMAND test (reused during early exploration),NA-TF v4 baseline stage1 1iter,enhanced_estoi,0.8470490732293529,results/metrics/noise_adaptive_tf_mamba_v4_baseline_stage1_1iter_test_full/summary.json,Appendix/context only; repeated test evaluation invalidates model-selection ranking.
07_historical_test_exploration,historical exploratory,VoiceBank-DEMAND test (reused during early exploration),NA-TF v4 baseline stage2 2iter,enhanced_estoi,0.8497031804890719,results/metrics/noise_adaptive_tf_mamba_v4_baseline_stage2_2iter_test_full/summary.json,Appendix/context only; repeated test evaluation invalidates model-selection ranking.
07_historical_test_exploration,historical exploratory,VoiceBank-DEMAND test (reused during early exploration),NA-TF v4 fixed2 extended control,enhanced_estoi,0.8510152403445518,results/metrics/noise_adaptive_tf_mamba_v4_fixed2_extended_control_test_full/summary.json,Appendix/context only; repeated test evaluation invalidates model-selection ranking.
07_historical_test_exploration,historical exploratory,VoiceBank-DEMAND test (reused during early exploration),NA-TF v4 noise adaptive,enhanced_estoi,0.8523160848959338,results/metrics/noise_adaptive_tf_mamba_v4_noise_adaptive_test_full/summary.json,Appendix/context only; repeated test evaluation invalidates model-selection ranking.
07_historical_test_exploration,historical exploratory,VoiceBank-DEMAND test (reused during early exploration),NA-TF v41 skip dual baseline,enhanced_estoi,0.853801837001007,results/metrics/noise_adaptive_tf_mamba_v41_skip_dual_baseline_test_full/summary.json,Appendix/context only; repeated test evaluation invalidates model-selection ranking.
07_historical_test_exploration,historical exploratory,VoiceBank-DEMAND test (reused during early exploration),CA-TF v42 perceptual finetune,enhanced_estoi,0.8601382461108183,results/metrics/continuous_adaptive_tf_mamba_v42_perceptual_finetune_test_full/summary.json,Appendix/context only; repeated test evaluation invalidates model-selection ranking.
07_historical_test_exploration,historical exploratory,VoiceBank-DEMAND test (reused during early exploration),NA-TF v41 muon finetune,enhanced_estoi,0.8588730764345492,results/metrics/noise_adaptive_tf_mamba_v41_muon_finetune_test_full/summary.json,Appendix/context only; repeated test evaluation invalidates model-selection ranking.
07_historical_test_exploration,historical exploratory,VoiceBank-DEMAND test (reused during early exploration),NA-TF v41 segment vq muon,enhanced_estoi,0.8607558350019827,results/metrics/noise_adaptive_tf_mamba_v41_segment_vq_muon_test_full/summary.json,Appendix/context only; repeated test evaluation invalidates model-selection ranking.
08_v13_training_curves,training,Training/locked validation,Seed 1200,train_loss_total,0.6716188165449327,checkpoints/v12/full/gru_matched_time1_seed1200/metrics.csv,Epoch 1
08_v13_training_curves,training,Training/locked validation,Seed 1200,train_loss_total,0.5439430607903388,checkpoints/v12/full/gru_matched_time1_seed1200/metrics.csv,Epoch 2
08_v13_training_curves,training,Training/locked validation,Seed 1200,train_loss_total,0.4281552138478874,checkpoints/v12/full/gru_matched_time1_seed1200/metrics.csv,Epoch 3
08_v13_training_curves,training,Training/locked validation,Seed 1200,train_loss_total,0.4010964733108747,checkpoints/v12/full/gru_matched_time1_seed1200/metrics.csv,Epoch 4
08_v13_training_curves,training,Training/locked validation,Seed 1200,train_loss_total,0.3880606704137542,checkpoints/v12/full/gru_matched_time1_seed1200/metrics.csv,Epoch 5
08_v13_training_curves,training,Training/locked validation,Seed 1200,train_loss_total,0.379748955692364,checkpoints/v12/full/gru_matched_time1_seed1200/metrics.csv,Epoch 6
08_v13_training_curves,training,Training/locked validation,Seed 1200,train_loss_total,0.3740990776426631,checkpoints/v12/full/gru_matched_time1_seed1200/metrics.csv,Epoch 7
08_v13_training_curves,training,Training/locked validation,Seed 1200,train_loss_total,0.368811549110846,checkpoints/v12/full/gru_matched_time1_seed1200/metrics.csv,Epoch 8
08_v13_training_curves,training,Training/locked validation,Seed 1200,train_loss_total,0.364487892428626,checkpoints/v12/full/gru_matched_time1_seed1200/metrics.csv,Epoch 9
08_v13_training_curves,training,Training/locked validation,Seed 1200,train_loss_total,0.3603441368493516,checkpoints/v12/full/gru_matched_time1_seed1200/metrics.csv,Epoch 10
08_v13_training_curves,training,Training/locked validation,Seed 1200,train_loss_total,0.3567964420946113,checkpoints/v12/full/gru_matched_time1_seed1200/metrics.csv,Epoch 11
08_v13_training_curves,training,Training/locked validation,Seed 1200,train_loss_total,0.353540401300552,checkpoints/v12/full/gru_matched_time1_seed1200/metrics.csv,Epoch 12
08_v13_training_curves,training,Training/locked validation,Seed 1200,train_loss_total,0.3508186332182276,checkpoints/v12/full/gru_matched_time1_seed1200/metrics.csv,Epoch 13
08_v13_training_curves,training,Training/locked validation,Seed 1200,train_loss_total,0.3485005971361115,checkpoints/v12/full/gru_matched_time1_seed1200/metrics.csv,Epoch 14
08_v13_training_curves,training,Training/locked validation,Seed 1200,train_loss_total,0.3465717555425209,checkpoints/v12/full/gru_matched_time1_seed1200/metrics.csv,Epoch 15
08_v13_training_curves,training,Training/locked validation,Seed 1200,train_loss_total,0.3446930120068212,checkpoints/v12/full/gru_matched_time1_seed1200/metrics.csv,Epoch 16
08_v13_training_curves,training,Training/locked validation,Seed 1200,train_loss_total,0.342897149492219,checkpoints/v12/full/gru_matched_time1_seed1200/metrics.csv,Epoch 17
08_v13_training_curves,training,Training/locked validation,Seed 1200,train_loss_total,0.3412515532411089,checkpoints/v12/full/gru_matched_time1_seed1200/metrics.csv,Epoch 18
08_v13_training_curves,training,Training/locked validation,Seed 1200,train_loss_total,0.3400014150854954,checkpoints/v12/full/gru_matched_time1_seed1200/metrics.csv,Epoch 19
08_v13_training_curves,training,Training/locked validation,Seed 1200,train_loss_total,0.3379490896272869,checkpoints/v12/full/gru_matched_time1_seed1200/metrics.csv,Epoch 20
08_v13_training_curves,training,Training/locked validation,Seed 1200,train_loss_total,0.3370549757765535,checkpoints/v12/full/gru_matched_time1_seed1200/metrics.csv,Epoch 21
08_v13_training_curves,training,Training/locked validation,Seed 1200,train_loss_total,0.3358983803048861,checkpoints/v12/full/gru_matched_time1_seed1200/metrics.csv,Epoch 22
08_v13_training_curves,training,Training/locked validation,Seed 1200,train_loss_total,0.3344536853369729,checkpoints/v12/full/gru_matched_time1_seed1200/metrics.csv,Epoch 23
08_v13_training_curves,training,Training/locked validation,Seed 1200,train_loss_total,0.3336123559962619,checkpoints/v12/full/gru_matched_time1_seed1200/metrics.csv,Epoch 24
08_v13_training_curves,training,Training/locked validation,Seed 1200,train_loss_total,0.3326373387685269,checkpoints/v12/full/gru_matched_time1_seed1200/metrics.csv,Epoch 25
08_v13_training_curves,training,Training/locked validation,Seed 1200,train_loss_total,0.3315214598567779,checkpoints/v12/full/gru_matched_time1_seed1200/metrics.csv,Epoch 26
08_v13_training_curves,training,Training/locked validation,Seed 1200,train_loss_total,0.3310207186709226,checkpoints/v12/full/gru_matched_time1_seed1200/metrics.csv,Epoch 27
08_v13_training_curves,training,Training/locked validation,Seed 1200,train_loss_total,0.3302585725800907,checkpoints/v12/full/gru_matched_time1_seed1200/metrics.csv,Epoch 28
08_v13_training_curves,training,Training/locked validation,Seed 1200,train_loss_total,0.3293360093603036,checkpoints/v12/full/gru_matched_time1_seed1200/metrics.csv,Epoch 29
08_v13_training_curves,training,Training/locked validation,Seed 1200,train_loss_total,0.3287368721495275,checkpoints/v12/full/gru_matched_time1_seed1200/metrics.csv,Epoch 30
08_v13_training_curves,training,Training/locked validation,Seed 1200,train_loss_total,0.3281198677429355,checkpoints/v12/full/gru_matched_time1_seed1200/metrics.csv,Epoch 31
08_v13_training_curves,training,Training/locked validation,Seed 1200,train_loss_total,0.327830000090634,checkpoints/v12/full/gru_matched_time1_seed1200/metrics.csv,Epoch 32
08_v13_training_curves,training,Training/locked validation,Seed 1200,train_loss_total,0.3272690169491376,checkpoints/v12/full/gru_matched_time1_seed1200/metrics.csv,Epoch 33
08_v13_training_curves,training,Training/locked validation,Seed 1200,train_loss_total,0.3270204265861392,checkpoints/v12/full/gru_matched_time1_seed1200/metrics.csv,Epoch 34
08_v13_training_curves,training,Training/locked validation,Seed 1200,train_loss_total,0.3264986066327941,checkpoints/v12/full/gru_matched_time1_seed1200/metrics.csv,Epoch 35
08_v13_training_curves,training,Training/locked validation,Seed 1200,train_loss_total,0.3260410019226613,checkpoints/v12/full/gru_matched_time1_seed1200/metrics.csv,Epoch 36
08_v13_training_curves,training,Training/locked validation,Seed 1200,train_loss_total,0.3257549511110328,checkpoints/v12/full/gru_matched_time1_seed1200/metrics.csv,Epoch 37
08_v13_training_curves,training,Training/locked validation,Seed 1200,train_loss_total,0.3259992755840251,checkpoints/v12/full/gru_matched_time1_seed1200/metrics.csv,Epoch 38
08_v13_training_curves,training,Training/locked validation,Seed 1200,train_loss_total,0.3254308153282512,checkpoints/v12/full/gru_matched_time1_seed1200/metrics.csv,Epoch 39
08_v13_training_curves,training,Training/locked validation,Seed 1200,train_loss_total,0.3255434228047247,checkpoints/v12/full/gru_matched_time1_seed1200/metrics.csv,Epoch 40
08_v13_training_curves,training,Training/locked validation,Seed 1201,train_loss_total,0.6697021984809305,checkpoints/v12/full/gru_matched_time1_seed1201/metrics.csv,Epoch 1
08_v13_training_curves,training,Training/locked validation,Seed 1201,train_loss_total,0.5749109109388418,checkpoints/v12/full/gru_matched_time1_seed1201/metrics.csv,Epoch 2
08_v13_training_curves,training,Training/locked validation,Seed 1201,train_loss_total,0.4704067987605623,checkpoints/v12/full/gru_matched_time1_seed1201/metrics.csv,Epoch 3
08_v13_training_curves,training,Training/locked validation,Seed 1201,train_loss_total,0.41226768862467,checkpoints/v12/full/gru_matched_time1_seed1201/metrics.csv,Epoch 4
08_v13_training_curves,training,Training/locked validation,Seed 1201,train_loss_total,0.3987776799416961,checkpoints/v12/full/gru_matched_time1_seed1201/metrics.csv,Epoch 5
08_v13_training_curves,training,Training/locked validation,Seed 1201,train_loss_total,0.3897426564453983,checkpoints/v12/full/gru_matched_time1_seed1201/metrics.csv,Epoch 6
08_v13_training_curves,training,Training/locked validation,Seed 1201,train_loss_total,0.3821058217774738,checkpoints/v12/full/gru_matched_time1_seed1201/metrics.csv,Epoch 7
08_v13_training_curves,training,Training/locked validation,Seed 1201,train_loss_total,0.3753428447456304,checkpoints/v12/full/gru_matched_time1_seed1201/metrics.csv,Epoch 8
08_v13_training_curves,training,Training/locked validation,Seed 1201,train_loss_total,0.3701432144362206,checkpoints/v12/full/gru_matched_time1_seed1201/metrics.csv,Epoch 9
08_v13_training_curves,training,Training/locked validation,Seed 1201,train_loss_total,0.3660795780264737,checkpoints/v12/full/gru_matched_time1_seed1201/metrics.csv,Epoch 10
08_v13_training_curves,training,Training/locked validation,Seed 1201,train_loss_total,0.3620601448058383,checkpoints/v12/full/gru_matched_time1_seed1201/metrics.csv,Epoch 11
08_v13_training_curves,training,Training/locked validation,Seed 1201,train_loss_total,0.3587574745684075,checkpoints/v12/full/gru_matched_time1_seed1201/metrics.csv,Epoch 12
08_v13_training_curves,training,Training/locked validation,Seed 1201,train_loss_total,0.3555790873042299,checkpoints/v12/full/gru_matched_time1_seed1201/metrics.csv,Epoch 13
08_v13_training_curves,training,Training/locked validation,Seed 1201,train_loss_total,0.3531180637323262,checkpoints/v12/full/gru_matched_time1_seed1201/metrics.csv,Epoch 14
08_v13_training_curves,training,Training/locked validation,Seed 1201,train_loss_total,0.3500708238033255,checkpoints/v12/full/gru_matched_time1_seed1201/metrics.csv,Epoch 15
08_v13_training_curves,training,Training/locked validation,Seed 1201,train_loss_total,0.3483179697761437,checkpoints/v12/full/gru_matched_time1_seed1201/metrics.csv,Epoch 16
08_v13_training_curves,training,Training/locked validation,Seed 1201,train_loss_total,0.3456588142952961,checkpoints/v12/full/gru_matched_time1_seed1201/metrics.csv,Epoch 17
08_v13_training_curves,training,Training/locked validation,Seed 1201,train_loss_total,0.3441515973586141,checkpoints/v12/full/gru_matched_time1_seed1201/metrics.csv,Epoch 18
08_v13_training_curves,training,Training/locked validation,Seed 1201,train_loss_total,0.3423176759018226,checkpoints/v12/full/gru_matched_time1_seed1201/metrics.csv,Epoch 19
08_v13_training_curves,training,Training/locked validation,Seed 1201,train_loss_total,0.3408530700460207,checkpoints/v12/full/gru_matched_time1_seed1201/metrics.csv,Epoch 20
08_v13_training_curves,training,Training/locked validation,Seed 1201,train_loss_total,0.3395778426021075,checkpoints/v12/full/gru_matched_time1_seed1201/metrics.csv,Epoch 21
08_v13_training_curves,training,Training/locked validation,Seed 1201,train_loss_total,0.3381550551028895,checkpoints/v12/full/gru_matched_time1_seed1201/metrics.csv,Epoch 22
08_v13_training_curves,training,Training/locked validation,Seed 1201,train_loss_total,0.3371330234050051,checkpoints/v12/full/gru_matched_time1_seed1201/metrics.csv,Epoch 23
08_v13_training_curves,training,Training/locked validation,Seed 1201,train_loss_total,0.3362018083503519,checkpoints/v12/full/gru_matched_time1_seed1201/metrics.csv,Epoch 24
08_v13_training_curves,training,Training/locked validation,Seed 1201,train_loss_total,0.3347085831736015,checkpoints/v12/full/gru_matched_time1_seed1201/metrics.csv,Epoch 25
08_v13_training_curves,training,Training/locked validation,Seed 1201,train_loss_total,0.3340832170153643,checkpoints/v12/full/gru_matched_time1_seed1201/metrics.csv,Epoch 26
08_v13_training_curves,training,Training/locked validation,Seed 1201,train_loss_total,0.3329696267275167,checkpoints/v12/full/gru_matched_time1_seed1201/metrics.csv,Epoch 27
08_v13_training_curves,training,Training/locked validation,Seed 1201,train_loss_total,0.3323069432701183,checkpoints/v12/full/gru_matched_time1_seed1201/metrics.csv,Epoch 28
08_v13_training_curves,training,Training/locked validation,Seed 1201,train_loss_total,0.3313097567414957,checkpoints/v12/full/gru_matched_time1_seed1201/metrics.csv,Epoch 29
08_v13_training_curves,training,Training/locked validation,Seed 1201,train_loss_total,0.3309512621561977,checkpoints/v12/full/gru_matched_time1_seed1201/metrics.csv,Epoch 30
08_v13_training_curves,training,Training/locked validation,Seed 1201,train_loss_total,0.3300632517227679,checkpoints/v12/full/gru_matched_time1_seed1201/metrics.csv,Epoch 31
08_v13_training_curves,training,Training/locked validation,Seed 1201,train_loss_total,0.3295918870793759,checkpoints/v12/full/gru_matched_time1_seed1201/metrics.csv,Epoch 32
08_v13_training_curves,training,Training/locked validation,Seed 1201,train_loss_total,0.3291047528866798,checkpoints/v12/full/gru_matched_time1_seed1201/metrics.csv,Epoch 33
08_v13_training_curves,training,Training/locked validation,Seed 1201,train_loss_total,0.3286434166198951,checkpoints/v12/full/gru_matched_time1_seed1201/metrics.csv,Epoch 34
08_v13_training_curves,training,Training/locked validation,Seed 1201,train_loss_total,0.3281955780608913,checkpoints/v12/full/gru_matched_time1_seed1201/metrics.csv,Epoch 35
08_v13_training_curves,training,Training/locked validation,Seed 1201,train_loss_total,0.3279398134639186,checkpoints/v12/full/gru_matched_time1_seed1201/metrics.csv,Epoch 36
08_v13_training_curves,training,Training/locked validation,Seed 1202,train_loss_total,0.6714181472653867,checkpoints/v12/full/gru_matched_time1_seed1202/metrics.csv,Epoch 1
08_v13_training_curves,training,Training/locked validation,Seed 1202,train_loss_total,0.5766019942473806,checkpoints/v12/full/gru_matched_time1_seed1202/metrics.csv,Epoch 2
08_v13_training_curves,training,Training/locked validation,Seed 1202,train_loss_total,0.46413561386272,checkpoints/v12/full/gru_matched_time1_seed1202/metrics.csv,Epoch 3
08_v13_training_curves,training,Training/locked validation,Seed 1202,train_loss_total,0.4063958283524709,checkpoints/v12/full/gru_matched_time1_seed1202/metrics.csv,Epoch 4
08_v13_training_curves,training,Training/locked validation,Seed 1202,train_loss_total,0.3930717517203949,checkpoints/v12/full/gru_matched_time1_seed1202/metrics.csv,Epoch 5
08_v13_training_curves,training,Training/locked validation,Seed 1202,train_loss_total,0.3834453800993581,checkpoints/v12/full/gru_matched_time1_seed1202/metrics.csv,Epoch 6
08_v13_training_curves,training,Training/locked validation,Seed 1202,train_loss_total,0.3762996283837777,checkpoints/v12/full/gru_matched_time1_seed1202/metrics.csv,Epoch 7
08_v13_training_curves,training,Training/locked validation,Seed 1202,train_loss_total,0.3719081203150085,checkpoints/v12/full/gru_matched_time1_seed1202/metrics.csv,Epoch 8
08_v13_training_curves,training,Training/locked validation,Seed 1202,train_loss_total,0.3684926445227214,checkpoints/v12/full/gru_matched_time1_seed1202/metrics.csv,Epoch 9
08_v13_training_curves,training,Training/locked validation,Seed 1202,train_loss_total,0.3640387236984594,checkpoints/v12/full/gru_matched_time1_seed1202/metrics.csv,Epoch 10
08_v13_training_curves,training,Training/locked validation,Seed 1202,train_loss_total,0.3603809283713092,checkpoints/v12/full/gru_matched_time1_seed1202/metrics.csv,Epoch 11
08_v13_training_curves,training,Training/locked validation,Seed 1202,train_loss_total,0.3572115440216581,checkpoints/v12/full/gru_matched_time1_seed1202/metrics.csv,Epoch 12
08_v13_training_curves,training,Training/locked validation,Seed 1202,train_loss_total,0.3542958455438837,checkpoints/v12/full/gru_matched_time1_seed1202/metrics.csv,Epoch 13
08_v13_training_curves,training,Training/locked validation,Seed 1202,train_loss_total,0.3522255163934748,checkpoints/v12/full/gru_matched_time1_seed1202/metrics.csv,Epoch 14
08_v13_training_curves,training,Training/locked validation,Seed 1202,train_loss_total,0.3497052586585545,checkpoints/v12/full/gru_matched_time1_seed1202/metrics.csv,Epoch 15
08_v13_training_curves,training,Training/locked validation,Seed 1202,train_loss_total,0.3472646945513938,checkpoints/v12/full/gru_matched_time1_seed1202/metrics.csv,Epoch 16
08_v13_training_curves,training,Training/locked validation,Seed 1202,train_loss_total,0.3452647040710072,checkpoints/v12/full/gru_matched_time1_seed1202/metrics.csv,Epoch 17
08_v13_training_curves,training,Training/locked validation,Seed 1202,train_loss_total,0.3434955458705725,checkpoints/v12/full/gru_matched_time1_seed1202/metrics.csv,Epoch 18
08_v13_training_curves,training,Training/locked validation,Seed 1202,train_loss_total,0.3426631490724527,checkpoints/v12/full/gru_matched_time1_seed1202/metrics.csv,Epoch 19
08_v13_training_curves,training,Training/locked validation,Seed 1202,train_loss_total,0.3404437895001204,checkpoints/v12/full/gru_matched_time1_seed1202/metrics.csv,Epoch 20
08_v13_training_curves,training,Training/locked validation,Seed 1202,train_loss_total,0.3390773265505116,checkpoints/v12/full/gru_matched_time1_seed1202/metrics.csv,Epoch 21
08_v13_training_curves,training,Training/locked validation,Seed 1202,train_loss_total,0.3379215026225163,checkpoints/v12/full/gru_matched_time1_seed1202/metrics.csv,Epoch 22
08_v13_training_curves,training,Training/locked validation,Seed 1202,train_loss_total,0.3368205159334493,checkpoints/v12/full/gru_matched_time1_seed1202/metrics.csv,Epoch 23
08_v13_training_curves,training,Training/locked validation,Seed 1202,train_loss_total,0.335923617077538,checkpoints/v12/full/gru_matched_time1_seed1202/metrics.csv,Epoch 24
08_v13_training_curves,training,Training/locked validation,Seed 1202,train_loss_total,0.3347128499069871,checkpoints/v12/full/gru_matched_time1_seed1202/metrics.csv,Epoch 25
08_v13_training_curves,training,Training/locked validation,Seed 1202,train_loss_total,0.3334218023219241,checkpoints/v12/full/gru_matched_time1_seed1202/metrics.csv,Epoch 26
08_v13_training_curves,training,Training/locked validation,Seed 1202,train_loss_total,0.3327612340493985,checkpoints/v12/full/gru_matched_time1_seed1202/metrics.csv,Epoch 27
08_v13_training_curves,training,Training/locked validation,Seed 1202,train_loss_total,0.3322807750437966,checkpoints/v12/full/gru_matched_time1_seed1202/metrics.csv,Epoch 28
08_v13_training_curves,training,Training/locked validation,Seed 1202,train_loss_total,0.3315205647754879,checkpoints/v12/full/gru_matched_time1_seed1202/metrics.csv,Epoch 29
08_v13_training_curves,training,Training/locked validation,Seed 1202,train_loss_total,0.3306405472921486,checkpoints/v12/full/gru_matched_time1_seed1202/metrics.csv,Epoch 30
08_v13_training_curves,training,Training/locked validation,Seed 1202,train_loss_total,0.3302663698792457,checkpoints/v12/full/gru_matched_time1_seed1202/metrics.csv,Epoch 31
08_v13_training_curves,training,Training/locked validation,Seed 1202,train_loss_total,0.329555719485643,checkpoints/v12/full/gru_matched_time1_seed1202/metrics.csv,Epoch 32
08_v13_training_curves,training,Training/locked validation,Seed 1202,train_loss_total,0.3290125883263576,checkpoints/v12/full/gru_matched_time1_seed1202/metrics.csv,Epoch 33
08_v13_training_curves,training,Training/locked validation,Seed 1202,train_loss_total,0.3285622547361508,checkpoints/v12/full/gru_matched_time1_seed1202/metrics.csv,Epoch 34
08_v13_training_curves,training,Training/locked validation,Seed 1202,train_loss_total,0.3282296998759518,checkpoints/v12/full/gru_matched_time1_seed1202/metrics.csv,Epoch 35
08_v13_training_curves,training,Training/locked validation,Seed 1202,train_loss_total,0.3282957644144461,checkpoints/v12/full/gru_matched_time1_seed1202/metrics.csv,Epoch 36
08_v13_training_curves,training,Training/locked validation,Seed 1202,train_loss_total,0.3275364885756697,checkpoints/v12/full/gru_matched_time1_seed1202/metrics.csv,Epoch 37
08_v13_training_curves,training,Training/locked validation,Seed 1202,train_loss_total,0.3275817619041264,checkpoints/v12/full/gru_matched_time1_seed1202/metrics.csv,Epoch 38
08_v13_training_curves,training,Training/locked validation,Seed 1202,train_loss_total,0.3272958445365478,checkpoints/v12/full/gru_matched_time1_seed1202/metrics.csv,Epoch 39
08_v13_training_curves,training,Training/locked validation,Seed 1202,train_loss_total,0.3273375757497426,checkpoints/v12/full/gru_matched_time1_seed1202/metrics.csv,Epoch 40
08_v13_training_curves,training,Training/locked validation,Seed 1200,val_loss_total,0.6471226776347441,checkpoints/v12/full/gru_matched_time1_seed1200/metrics.csv,Epoch 1
08_v13_training_curves,training,Training/locked validation,Seed 1200,val_loss_total,0.4691637509009417,checkpoints/v12/full/gru_matched_time1_seed1200/metrics.csv,Epoch 2
08_v13_training_curves,training,Training/locked validation,Seed 1200,val_loss_total,0.4154187844080083,checkpoints/v12/full/gru_matched_time1_seed1200/metrics.csv,Epoch 3
08_v13_training_curves,training,Training/locked validation,Seed 1200,val_loss_total,0.3996818801935981,checkpoints/v12/full/gru_matched_time1_seed1200/metrics.csv,Epoch 4
08_v13_training_curves,training,Training/locked validation,Seed 1200,val_loss_total,0.3988677508690778,checkpoints/v12/full/gru_matched_time1_seed1200/metrics.csv,Epoch 5
08_v13_training_curves,training,Training/locked validation,Seed 1200,val_loss_total,0.3879476312328787,checkpoints/v12/full/gru_matched_time1_seed1200/metrics.csv,Epoch 6
08_v13_training_curves,training,Training/locked validation,Seed 1200,val_loss_total,0.3783754907986697,checkpoints/v12/full/gru_matched_time1_seed1200/metrics.csv,Epoch 7
08_v13_training_curves,training,Training/locked validation,Seed 1200,val_loss_total,0.3791911856216542,checkpoints/v12/full/gru_matched_time1_seed1200/metrics.csv,Epoch 8
08_v13_training_curves,training,Training/locked validation,Seed 1200,val_loss_total,0.3740694294957554,checkpoints/v12/full/gru_matched_time1_seed1200/metrics.csv,Epoch 9
08_v13_training_curves,training,Training/locked validation,Seed 1200,val_loss_total,0.3710565102450988,checkpoints/v12/full/gru_matched_time1_seed1200/metrics.csv,Epoch 10
08_v13_training_curves,training,Training/locked validation,Seed 1200,val_loss_total,0.3658650368452072,checkpoints/v12/full/gru_matched_time1_seed1200/metrics.csv,Epoch 11
08_v13_training_curves,training,Training/locked validation,Seed 1200,val_loss_total,0.3647041127962224,checkpoints/v12/full/gru_matched_time1_seed1200/metrics.csv,Epoch 12
08_v13_training_curves,training,Training/locked validation,Seed 1200,val_loss_total,0.3693163175793255,checkpoints/v12/full/gru_matched_time1_seed1200/metrics.csv,Epoch 13
08_v13_training_curves,training,Training/locked validation,Seed 1200,val_loss_total,0.362115682924495,checkpoints/v12/full/gru_matched_time1_seed1200/metrics.csv,Epoch 14
08_v13_training_curves,training,Training/locked validation,Seed 1200,val_loss_total,0.366708945702104,checkpoints/v12/full/gru_matched_time1_seed1200/metrics.csv,Epoch 15
08_v13_training_curves,training,Training/locked validation,Seed 1200,val_loss_total,0.3569265919573167,checkpoints/v12/full/gru_matched_time1_seed1200/metrics.csv,Epoch 16
08_v13_training_curves,training,Training/locked validation,Seed 1200,val_loss_total,0.3558031408225788,checkpoints/v12/full/gru_matched_time1_seed1200/metrics.csv,Epoch 17
08_v13_training_curves,training,Training/locked validation,Seed 1200,val_loss_total,0.3549936825738233,checkpoints/v12/full/gru_matched_time1_seed1200/metrics.csv,Epoch 18
08_v13_training_curves,training,Training/locked validation,Seed 1200,val_loss_total,0.3535093349568984,checkpoints/v12/full/gru_matched_time1_seed1200/metrics.csv,Epoch 19
08_v13_training_curves,training,Training/locked validation,Seed 1200,val_loss_total,0.355078646365334,checkpoints/v12/full/gru_matched_time1_seed1200/metrics.csv,Epoch 20
08_v13_training_curves,training,Training/locked validation,Seed 1200,val_loss_total,0.3533005889724283,checkpoints/v12/full/gru_matched_time1_seed1200/metrics.csv,Epoch 21
08_v13_training_curves,training,Training/locked validation,Seed 1200,val_loss_total,0.3511068891076481,checkpoints/v12/full/gru_matched_time1_seed1200/metrics.csv,Epoch 22
08_v13_training_curves,training,Training/locked validation,Seed 1200,val_loss_total,0.3519999612780178,checkpoints/v12/full/gru_matched_time1_seed1200/metrics.csv,Epoch 23
08_v13_training_curves,training,Training/locked validation,Seed 1200,val_loss_total,0.3530511522994322,checkpoints/v12/full/gru_matched_time1_seed1200/metrics.csv,Epoch 24
08_v13_training_curves,training,Training/locked validation,Seed 1200,val_loss_total,0.3487951019231011,checkpoints/v12/full/gru_matched_time1_seed1200/metrics.csv,Epoch 25
08_v13_training_curves,training,Training/locked validation,Seed 1200,val_loss_total,0.3486730859560125,checkpoints/v12/full/gru_matched_time1_seed1200/metrics.csv,Epoch 26
08_v13_training_curves,training,Training/locked validation,Seed 1200,val_loss_total,0.3473488565753488,checkpoints/v12/full/gru_matched_time1_seed1200/metrics.csv,Epoch 27
08_v13_training_curves,training,Training/locked validation,Seed 1200,val_loss_total,0.3480184569078333,checkpoints/v12/full/gru_matched_time1_seed1200/metrics.csv,Epoch 28
08_v13_training_curves,training,Training/locked validation,Seed 1200,val_loss_total,0.349749240805121,checkpoints/v12/full/gru_matched_time1_seed1200/metrics.csv,Epoch 29
08_v13_training_curves,training,Training/locked validation,Seed 1200,val_loss_total,0.3460041372215046,checkpoints/v12/full/gru_matched_time1_seed1200/metrics.csv,Epoch 30
08_v13_training_curves,training,Training/locked validation,Seed 1200,val_loss_total,0.3447433780221378,checkpoints/v12/full/gru_matched_time1_seed1200/metrics.csv,Epoch 31
08_v13_training_curves,training,Training/locked validation,Seed 1200,val_loss_total,0.3453796628643484,checkpoints/v12/full/gru_matched_time1_seed1200/metrics.csv,Epoch 32
08_v13_training_curves,training,Training/locked validation,Seed 1200,val_loss_total,0.3458114459234125,checkpoints/v12/full/gru_matched_time1_seed1200/metrics.csv,Epoch 33
08_v13_training_curves,training,Training/locked validation,Seed 1200,val_loss_total,0.3442964106798172,checkpoints/v12/full/gru_matched_time1_seed1200/metrics.csv,Epoch 34
08_v13_training_curves,training,Training/locked validation,Seed 1200,val_loss_total,0.3446499004083521,checkpoints/v12/full/gru_matched_time1_seed1200/metrics.csv,Epoch 35
08_v13_training_curves,training,Training/locked validation,Seed 1200,val_loss_total,0.3453017271616879,checkpoints/v12/full/gru_matched_time1_seed1200/metrics.csv,Epoch 36
08_v13_training_curves,training,Training/locked validation,Seed 1200,val_loss_total,0.3443481273510876,checkpoints/v12/full/gru_matched_time1_seed1200/metrics.csv,Epoch 37
08_v13_training_curves,training,Training/locked validation,Seed 1200,val_loss_total,0.3448724597692489,checkpoints/v12/full/gru_matched_time1_seed1200/metrics.csv,Epoch 38
08_v13_training_curves,training,Training/locked validation,Seed 1200,val_loss_total,0.3450640553937238,checkpoints/v12/full/gru_matched_time1_seed1200/metrics.csv,Epoch 39
08_v13_training_curves,training,Training/locked validation,Seed 1200,val_loss_total,0.3448161368860918,checkpoints/v12/full/gru_matched_time1_seed1200/metrics.csv,Epoch 40
08_v13_training_curves,training,Training/locked validation,Seed 1201,val_loss_total,0.608458012342453,checkpoints/v12/full/gru_matched_time1_seed1201/metrics.csv,Epoch 1
08_v13_training_curves,training,Training/locked validation,Seed 1201,val_loss_total,0.5460416236344505,checkpoints/v12/full/gru_matched_time1_seed1201/metrics.csv,Epoch 2
08_v13_training_curves,training,Training/locked validation,Seed 1201,val_loss_total,0.4226716265958898,checkpoints/v12/full/gru_matched_time1_seed1201/metrics.csv,Epoch 3
08_v13_training_curves,training,Training/locked validation,Seed 1201,val_loss_total,0.4113687802763546,checkpoints/v12/full/gru_matched_time1_seed1201/metrics.csv,Epoch 4
08_v13_training_curves,training,Training/locked validation,Seed 1201,val_loss_total,0.4096969129408107,checkpoints/v12/full/gru_matched_time1_seed1201/metrics.csv,Epoch 5
08_v13_training_curves,training,Training/locked validation,Seed 1201,val_loss_total,0.3906919158556882,checkpoints/v12/full/gru_matched_time1_seed1201/metrics.csv,Epoch 6
08_v13_training_curves,training,Training/locked validation,Seed 1201,val_loss_total,0.3961948016110588,checkpoints/v12/full/gru_matched_time1_seed1201/metrics.csv,Epoch 7
08_v13_training_curves,training,Training/locked validation,Seed 1201,val_loss_total,0.397619292140007,checkpoints/v12/full/gru_matched_time1_seed1201/metrics.csv,Epoch 8
08_v13_training_curves,training,Training/locked validation,Seed 1201,val_loss_total,0.3765183827456306,checkpoints/v12/full/gru_matched_time1_seed1201/metrics.csv,Epoch 9
08_v13_training_curves,training,Training/locked validation,Seed 1201,val_loss_total,0.3737217617385527,checkpoints/v12/full/gru_matched_time1_seed1201/metrics.csv,Epoch 10
08_v13_training_curves,training,Training/locked validation,Seed 1201,val_loss_total,0.3758102716768489,checkpoints/v12/full/gru_matched_time1_seed1201/metrics.csv,Epoch 11
08_v13_training_curves,training,Training/locked validation,Seed 1201,val_loss_total,0.3742987522307564,checkpoints/v12/full/gru_matched_time1_seed1201/metrics.csv,Epoch 12
08_v13_training_curves,training,Training/locked validation,Seed 1201,val_loss_total,0.3664812620948343,checkpoints/v12/full/gru_matched_time1_seed1201/metrics.csv,Epoch 13
08_v13_training_curves,training,Training/locked validation,Seed 1201,val_loss_total,0.3623801092891132,checkpoints/v12/full/gru_matched_time1_seed1201/metrics.csv,Epoch 14
08_v13_training_curves,training,Training/locked validation,Seed 1201,val_loss_total,0.3635535257704118,checkpoints/v12/full/gru_matched_time1_seed1201/metrics.csv,Epoch 15
08_v13_training_curves,training,Training/locked validation,Seed 1201,val_loss_total,0.3611765118206249,checkpoints/v12/full/gru_matched_time1_seed1201/metrics.csv,Epoch 16
08_v13_training_curves,training,Training/locked validation,Seed 1201,val_loss_total,0.3596774550045238,checkpoints/v12/full/gru_matched_time1_seed1201/metrics.csv,Epoch 17
08_v13_training_curves,training,Training/locked validation,Seed 1201,val_loss_total,0.3580311694565941,checkpoints/v12/full/gru_matched_time1_seed1201/metrics.csv,Epoch 18
08_v13_training_curves,training,Training/locked validation,Seed 1201,val_loss_total,0.3563673417357837,checkpoints/v12/full/gru_matched_time1_seed1201/metrics.csv,Epoch 19
08_v13_training_curves,training,Training/locked validation,Seed 1201,val_loss_total,0.3555085369769264,checkpoints/v12/full/gru_matched_time1_seed1201/metrics.csv,Epoch 20
08_v13_training_curves,training,Training/locked validation,Seed 1201,val_loss_total,0.3548824007020277,checkpoints/v12/full/gru_matched_time1_seed1201/metrics.csv,Epoch 21
08_v13_training_curves,training,Training/locked validation,Seed 1201,val_loss_total,0.3547299399095423,checkpoints/v12/full/gru_matched_time1_seed1201/metrics.csv,Epoch 22
08_v13_training_curves,training,Training/locked validation,Seed 1201,val_loss_total,0.3500596065731609,checkpoints/v12/full/gru_matched_time1_seed1201/metrics.csv,Epoch 23
08_v13_training_curves,training,Training/locked validation,Seed 1201,val_loss_total,0.3510432532605003,checkpoints/v12/full/gru_matched_time1_seed1201/metrics.csv,Epoch 24
08_v13_training_curves,training,Training/locked validation,Seed 1201,val_loss_total,0.3502101530047024,checkpoints/v12/full/gru_matched_time1_seed1201/metrics.csv,Epoch 25
08_v13_training_curves,training,Training/locked validation,Seed 1201,val_loss_total,0.3507610138724832,checkpoints/v12/full/gru_matched_time1_seed1201/metrics.csv,Epoch 26
08_v13_training_curves,training,Training/locked validation,Seed 1201,val_loss_total,0.3483281503705417,checkpoints/v12/full/gru_matched_time1_seed1201/metrics.csv,Epoch 27
08_v13_training_curves,training,Training/locked validation,Seed 1201,val_loss_total,0.3491789803785436,checkpoints/v12/full/gru_matched_time1_seed1201/metrics.csv,Epoch 28
08_v13_training_curves,training,Training/locked validation,Seed 1201,val_loss_total,0.3483395865734885,checkpoints/v12/full/gru_matched_time1_seed1201/metrics.csv,Epoch 29
08_v13_training_curves,training,Training/locked validation,Seed 1201,val_loss_total,0.3475939140600316,checkpoints/v12/full/gru_matched_time1_seed1201/metrics.csv,Epoch 30
08_v13_training_curves,training,Training/locked validation,Seed 1201,val_loss_total,0.3461208378567415,checkpoints/v12/full/gru_matched_time1_seed1201/metrics.csv,Epoch 31
08_v13_training_curves,training,Training/locked validation,Seed 1201,val_loss_total,0.347119192866718,checkpoints/v12/full/gru_matched_time1_seed1201/metrics.csv,Epoch 32
08_v13_training_curves,training,Training/locked validation,Seed 1201,val_loss_total,0.3461155216483509,checkpoints/v12/full/gru_matched_time1_seed1201/metrics.csv,Epoch 33
08_v13_training_curves,training,Training/locked validation,Seed 1201,val_loss_total,0.3447358205037958,checkpoints/v12/full/gru_matched_time1_seed1201/metrics.csv,Epoch 34
08_v13_training_curves,training,Training/locked validation,Seed 1201,val_loss_total,0.3452841087299235,checkpoints/v12/full/gru_matched_time1_seed1201/metrics.csv,Epoch 35
08_v13_training_curves,training,Training/locked validation,Seed 1201,val_loss_total,0.34528488008415,checkpoints/v12/full/gru_matched_time1_seed1201/metrics.csv,Epoch 36
08_v13_training_curves,training,Training/locked validation,Seed 1202,val_loss_total,0.6233784942065969,checkpoints/v12/full/gru_matched_time1_seed1202/metrics.csv,Epoch 1
08_v13_training_curves,training,Training/locked validation,Seed 1202,val_loss_total,0.5389433397966272,checkpoints/v12/full/gru_matched_time1_seed1202/metrics.csv,Epoch 2
08_v13_training_curves,training,Training/locked validation,Seed 1202,val_loss_total,0.4225391061866985,checkpoints/v12/full/gru_matched_time1_seed1202/metrics.csv,Epoch 3
08_v13_training_curves,training,Training/locked validation,Seed 1202,val_loss_total,0.4204489150468041,checkpoints/v12/full/gru_matched_time1_seed1202/metrics.csv,Epoch 4
08_v13_training_curves,training,Training/locked validation,Seed 1202,val_loss_total,0.3949103706023272,checkpoints/v12/full/gru_matched_time1_seed1202/metrics.csv,Epoch 5
08_v13_training_curves,training,Training/locked validation,Seed 1202,val_loss_total,0.3947081881410935,checkpoints/v12/full/gru_matched_time1_seed1202/metrics.csv,Epoch 6
08_v13_training_curves,training,Training/locked validation,Seed 1202,val_loss_total,0.3847995680921218,checkpoints/v12/full/gru_matched_time1_seed1202/metrics.csv,Epoch 7
08_v13_training_curves,training,Training/locked validation,Seed 1202,val_loss_total,0.3793482841814266,checkpoints/v12/full/gru_matched_time1_seed1202/metrics.csv,Epoch 8
08_v13_training_curves,training,Training/locked validation,Seed 1202,val_loss_total,0.3787962776773116,checkpoints/v12/full/gru_matched_time1_seed1202/metrics.csv,Epoch 9
08_v13_training_curves,training,Training/locked validation,Seed 1202,val_loss_total,0.3745952450177249,checkpoints/v12/full/gru_matched_time1_seed1202/metrics.csv,Epoch 10
08_v13_training_curves,training,Training/locked validation,Seed 1202,val_loss_total,0.3688251060598037,checkpoints/v12/full/gru_matched_time1_seed1202/metrics.csv,Epoch 11
08_v13_training_curves,training,Training/locked validation,Seed 1202,val_loss_total,0.3666349807206322,checkpoints/v12/full/gru_matched_time1_seed1202/metrics.csv,Epoch 12
08_v13_training_curves,training,Training/locked validation,Seed 1202,val_loss_total,0.3708997316220227,checkpoints/v12/full/gru_matched_time1_seed1202/metrics.csv,Epoch 13
08_v13_training_curves,training,Training/locked validation,Seed 1202,val_loss_total,0.3646216138320811,checkpoints/v12/full/gru_matched_time1_seed1202/metrics.csv,Epoch 14
08_v13_training_curves,training,Training/locked validation,Seed 1202,val_loss_total,0.3617123058613609,checkpoints/v12/full/gru_matched_time1_seed1202/metrics.csv,Epoch 15
08_v13_training_curves,training,Training/locked validation,Seed 1202,val_loss_total,0.3623114903183544,checkpoints/v12/full/gru_matched_time1_seed1202/metrics.csv,Epoch 16
08_v13_training_curves,training,Training/locked validation,Seed 1202,val_loss_total,0.3598787460257025,checkpoints/v12/full/gru_matched_time1_seed1202/metrics.csv,Epoch 17
08_v13_training_curves,training,Training/locked validation,Seed 1202,val_loss_total,0.3569854909882826,checkpoints/v12/full/gru_matched_time1_seed1202/metrics.csv,Epoch 18
08_v13_training_curves,training,Training/locked validation,Seed 1202,val_loss_total,0.3558669283109553,checkpoints/v12/full/gru_matched_time1_seed1202/metrics.csv,Epoch 19
08_v13_training_curves,training,Training/locked validation,Seed 1202,val_loss_total,0.3534325703102,checkpoints/v12/full/gru_matched_time1_seed1202/metrics.csv,Epoch 20
08_v13_training_curves,training,Training/locked validation,Seed 1202,val_loss_total,0.3527971357107162,checkpoints/v12/full/gru_matched_time1_seed1202/metrics.csv,Epoch 21
08_v13_training_curves,training,Training/locked validation,Seed 1202,val_loss_total,0.3552487720461452,checkpoints/v12/full/gru_matched_time1_seed1202/metrics.csv,Epoch 22
08_v13_training_curves,training,Training/locked validation,Seed 1202,val_loss_total,0.3549700370606254,checkpoints/v12/full/gru_matched_time1_seed1202/metrics.csv,Epoch 23
08_v13_training_curves,training,Training/locked validation,Seed 1202,val_loss_total,0.3517569014254738,checkpoints/v12/full/gru_matched_time1_seed1202/metrics.csv,Epoch 24
08_v13_training_curves,training,Training/locked validation,Seed 1202,val_loss_total,0.3505419711856281,checkpoints/v12/full/gru_matched_time1_seed1202/metrics.csv,Epoch 25
08_v13_training_curves,training,Training/locked validation,Seed 1202,val_loss_total,0.3495469750726924,checkpoints/v12/full/gru_matched_time1_seed1202/metrics.csv,Epoch 26
08_v13_training_curves,training,Training/locked validation,Seed 1202,val_loss_total,0.349323430482079,checkpoints/v12/full/gru_matched_time1_seed1202/metrics.csv,Epoch 27
08_v13_training_curves,training,Training/locked validation,Seed 1202,val_loss_total,0.3486673770581974,checkpoints/v12/full/gru_matched_time1_seed1202/metrics.csv,Epoch 28
08_v13_training_curves,training,Training/locked validation,Seed 1202,val_loss_total,0.348740906399839,checkpoints/v12/full/gru_matched_time1_seed1202/metrics.csv,Epoch 29
08_v13_training_curves,training,Training/locked validation,Seed 1202,val_loss_total,0.3475574079681845,checkpoints/v12/full/gru_matched_time1_seed1202/metrics.csv,Epoch 30
08_v13_training_curves,training,Training/locked validation,Seed 1202,val_loss_total,0.3474359459736768,checkpoints/v12/full/gru_matched_time1_seed1202/metrics.csv,Epoch 31
08_v13_training_curves,training,Training/locked validation,Seed 1202,val_loss_total,0.3470550600220175,checkpoints/v12/full/gru_matched_time1_seed1202/metrics.csv,Epoch 32
08_v13_training_curves,training,Training/locked validation,Seed 1202,val_loss_total,0.3476547037853914,checkpoints/v12/full/gru_matched_time1_seed1202/metrics.csv,Epoch 33
08_v13_training_curves,training,Training/locked validation,Seed 1202,val_loss_total,0.3474180005929049,checkpoints/v12/full/gru_matched_time1_seed1202/metrics.csv,Epoch 34
08_v13_training_curves,training,Training/locked validation,Seed 1202,val_loss_total,0.3464549876311246,checkpoints/v12/full/gru_matched_time1_seed1202/metrics.csv,Epoch 35
08_v13_training_curves,training,Training/locked validation,Seed 1202,val_loss_total,0.3461214978905285,checkpoints/v12/full/gru_matched_time1_seed1202/metrics.csv,Epoch 36
08_v13_training_curves,training,Training/locked validation,Seed 1202,val_loss_total,0.3454522376551348,checkpoints/v12/full/gru_matched_time1_seed1202/metrics.csv,Epoch 37
08_v13_training_curves,training,Training/locked validation,Seed 1202,val_loss_total,0.3462779960211585,checkpoints/v12/full/gru_matched_time1_seed1202/metrics.csv,Epoch 38
08_v13_training_curves,training,Training/locked validation,Seed 1202,val_loss_total,0.3455706054673475,checkpoints/v12/full/gru_matched_time1_seed1202/metrics.csv,Epoch 39
08_v13_training_curves,training,Training/locked validation,Seed 1202,val_loss_total,0.345734987188788,checkpoints/v12/full/gru_matched_time1_seed1202/metrics.csv,Epoch 40
08_v13_training_curves,training,Training/locked validation,Seed 1200,val_loss_noise_prediction,0.0,checkpoints/v12/full/gru_matched_time1_seed1200/metrics.csv,Epoch 1
08_v13_training_curves,training,Training/locked validation,Seed 1200,val_loss_noise_prediction,0.0,checkpoints/v12/full/gru_matched_time1_seed1200/metrics.csv,Epoch 2
08_v13_training_curves,training,Training/locked validation,Seed 1200,val_loss_noise_prediction,0.0,checkpoints/v12/full/gru_matched_time1_seed1200/metrics.csv,Epoch 3
08_v13_training_curves,training,Training/locked validation,Seed 1200,val_loss_noise_prediction,0.0,checkpoints/v12/full/gru_matched_time1_seed1200/metrics.csv,Epoch 4
08_v13_training_curves,training,Training/locked validation,Seed 1200,val_loss_noise_prediction,0.0,checkpoints/v12/full/gru_matched_time1_seed1200/metrics.csv,Epoch 5
08_v13_training_curves,training,Training/locked validation,Seed 1200,val_loss_noise_prediction,0.0,checkpoints/v12/full/gru_matched_time1_seed1200/metrics.csv,Epoch 6
08_v13_training_curves,training,Training/locked validation,Seed 1200,val_loss_noise_prediction,0.0,checkpoints/v12/full/gru_matched_time1_seed1200/metrics.csv,Epoch 7
08_v13_training_curves,training,Training/locked validation,Seed 1200,val_loss_noise_prediction,0.0,checkpoints/v12/full/gru_matched_time1_seed1200/metrics.csv,Epoch 8
08_v13_training_curves,training,Training/locked validation,Seed 1200,val_loss_noise_prediction,0.0,checkpoints/v12/full/gru_matched_time1_seed1200/metrics.csv,Epoch 9
08_v13_training_curves,training,Training/locked validation,Seed 1200,val_loss_noise_prediction,0.0,checkpoints/v12/full/gru_matched_time1_seed1200/metrics.csv,Epoch 10
08_v13_training_curves,training,Training/locked validation,Seed 1200,val_loss_noise_prediction,0.0,checkpoints/v12/full/gru_matched_time1_seed1200/metrics.csv,Epoch 11
08_v13_training_curves,training,Training/locked validation,Seed 1200,val_loss_noise_prediction,0.0,checkpoints/v12/full/gru_matched_time1_seed1200/metrics.csv,Epoch 12
08_v13_training_curves,training,Training/locked validation,Seed 1200,val_loss_noise_prediction,0.0,checkpoints/v12/full/gru_matched_time1_seed1200/metrics.csv,Epoch 13
08_v13_training_curves,training,Training/locked validation,Seed 1200,val_loss_noise_prediction,0.0,checkpoints/v12/full/gru_matched_time1_seed1200/metrics.csv,Epoch 14
08_v13_training_curves,training,Training/locked validation,Seed 1200,val_loss_noise_prediction,0.0,checkpoints/v12/full/gru_matched_time1_seed1200/metrics.csv,Epoch 15
08_v13_training_curves,training,Training/locked validation,Seed 1200,val_loss_noise_prediction,0.0,checkpoints/v12/full/gru_matched_time1_seed1200/metrics.csv,Epoch 16
08_v13_training_curves,training,Training/locked validation,Seed 1200,val_loss_noise_prediction,0.0,checkpoints/v12/full/gru_matched_time1_seed1200/metrics.csv,Epoch 17
08_v13_training_curves,training,Training/locked validation,Seed 1200,val_loss_noise_prediction,0.0,checkpoints/v12/full/gru_matched_time1_seed1200/metrics.csv,Epoch 18
08_v13_training_curves,training,Training/locked validation,Seed 1200,val_loss_noise_prediction,0.0,checkpoints/v12/full/gru_matched_time1_seed1200/metrics.csv,Epoch 19
08_v13_training_curves,training,Training/locked validation,Seed 1200,val_loss_noise_prediction,0.0,checkpoints/v12/full/gru_matched_time1_seed1200/metrics.csv,Epoch 20
08_v13_training_curves,training,Training/locked validation,Seed 1200,val_loss_noise_prediction,0.0,checkpoints/v12/full/gru_matched_time1_seed1200/metrics.csv,Epoch 21
08_v13_training_curves,training,Training/locked validation,Seed 1200,val_loss_noise_prediction,0.0,checkpoints/v12/full/gru_matched_time1_seed1200/metrics.csv,Epoch 22
08_v13_training_curves,training,Training/locked validation,Seed 1200,val_loss_noise_prediction,0.0,checkpoints/v12/full/gru_matched_time1_seed1200/metrics.csv,Epoch 23
08_v13_training_curves,training,Training/locked validation,Seed 1200,val_loss_noise_prediction,0.0,checkpoints/v12/full/gru_matched_time1_seed1200/metrics.csv,Epoch 24
08_v13_training_curves,training,Training/locked validation,Seed 1200,val_loss_noise_prediction,0.0,checkpoints/v12/full/gru_matched_time1_seed1200/metrics.csv,Epoch 25
08_v13_training_curves,training,Training/locked validation,Seed 1200,val_loss_noise_prediction,0.0,checkpoints/v12/full/gru_matched_time1_seed1200/metrics.csv,Epoch 26
08_v13_training_curves,training,Training/locked validation,Seed 1200,val_loss_noise_prediction,0.0,checkpoints/v12/full/gru_matched_time1_seed1200/metrics.csv,Epoch 27
08_v13_training_curves,training,Training/locked validation,Seed 1200,val_loss_noise_prediction,0.0,checkpoints/v12/full/gru_matched_time1_seed1200/metrics.csv,Epoch 28
08_v13_training_curves,training,Training/locked validation,Seed 1200,val_loss_noise_prediction,0.0,checkpoints/v12/full/gru_matched_time1_seed1200/metrics.csv,Epoch 29
08_v13_training_curves,training,Training/locked validation,Seed 1200,val_loss_noise_prediction,0.0,checkpoints/v12/full/gru_matched_time1_seed1200/metrics.csv,Epoch 30
08_v13_training_curves,training,Training/locked validation,Seed 1200,val_loss_noise_prediction,0.0,checkpoints/v12/full/gru_matched_time1_seed1200/metrics.csv,Epoch 31
08_v13_training_curves,training,Training/locked validation,Seed 1200,val_loss_noise_prediction,0.0,checkpoints/v12/full/gru_matched_time1_seed1200/metrics.csv,Epoch 32
08_v13_training_curves,training,Training/locked validation,Seed 1200,val_loss_noise_prediction,0.0,checkpoints/v12/full/gru_matched_time1_seed1200/metrics.csv,Epoch 33
08_v13_training_curves,training,Training/locked validation,Seed 1200,val_loss_noise_prediction,0.0,checkpoints/v12/full/gru_matched_time1_seed1200/metrics.csv,Epoch 34
08_v13_training_curves,training,Training/locked validation,Seed 1200,val_loss_noise_prediction,0.0,checkpoints/v12/full/gru_matched_time1_seed1200/metrics.csv,Epoch 35
08_v13_training_curves,training,Training/locked validation,Seed 1200,val_loss_noise_prediction,0.0,checkpoints/v12/full/gru_matched_time1_seed1200/metrics.csv,Epoch 36
08_v13_training_curves,training,Training/locked validation,Seed 1200,val_loss_noise_prediction,0.0,checkpoints/v12/full/gru_matched_time1_seed1200/metrics.csv,Epoch 37
08_v13_training_curves,training,Training/locked validation,Seed 1200,val_loss_noise_prediction,0.0,checkpoints/v12/full/gru_matched_time1_seed1200/metrics.csv,Epoch 38
08_v13_training_curves,training,Training/locked validation,Seed 1200,val_loss_noise_prediction,0.0,checkpoints/v12/full/gru_matched_time1_seed1200/metrics.csv,Epoch 39
08_v13_training_curves,training,Training/locked validation,Seed 1200,val_loss_noise_prediction,0.0,checkpoints/v12/full/gru_matched_time1_seed1200/metrics.csv,Epoch 40
08_v13_training_curves,training,Training/locked validation,Seed 1201,val_loss_noise_prediction,0.0,checkpoints/v12/full/gru_matched_time1_seed1201/metrics.csv,Epoch 1
08_v13_training_curves,training,Training/locked validation,Seed 1201,val_loss_noise_prediction,0.0,checkpoints/v12/full/gru_matched_time1_seed1201/metrics.csv,Epoch 2
08_v13_training_curves,training,Training/locked validation,Seed 1201,val_loss_noise_prediction,0.0,checkpoints/v12/full/gru_matched_time1_seed1201/metrics.csv,Epoch 3
08_v13_training_curves,training,Training/locked validation,Seed 1201,val_loss_noise_prediction,0.0,checkpoints/v12/full/gru_matched_time1_seed1201/metrics.csv,Epoch 4
08_v13_training_curves,training,Training/locked validation,Seed 1201,val_loss_noise_prediction,0.0,checkpoints/v12/full/gru_matched_time1_seed1201/metrics.csv,Epoch 5
08_v13_training_curves,training,Training/locked validation,Seed 1201,val_loss_noise_prediction,0.0,checkpoints/v12/full/gru_matched_time1_seed1201/metrics.csv,Epoch 6
08_v13_training_curves,training,Training/locked validation,Seed 1201,val_loss_noise_prediction,0.0,checkpoints/v12/full/gru_matched_time1_seed1201/metrics.csv,Epoch 7
08_v13_training_curves,training,Training/locked validation,Seed 1201,val_loss_noise_prediction,0.0,checkpoints/v12/full/gru_matched_time1_seed1201/metrics.csv,Epoch 8
08_v13_training_curves,training,Training/locked validation,Seed 1201,val_loss_noise_prediction,0.0,checkpoints/v12/full/gru_matched_time1_seed1201/metrics.csv,Epoch 9
08_v13_training_curves,training,Training/locked validation,Seed 1201,val_loss_noise_prediction,0.0,checkpoints/v12/full/gru_matched_time1_seed1201/metrics.csv,Epoch 10
08_v13_training_curves,training,Training/locked validation,Seed 1201,val_loss_noise_prediction,0.0,checkpoints/v12/full/gru_matched_time1_seed1201/metrics.csv,Epoch 11
08_v13_training_curves,training,Training/locked validation,Seed 1201,val_loss_noise_prediction,0.0,checkpoints/v12/full/gru_matched_time1_seed1201/metrics.csv,Epoch 12
08_v13_training_curves,training,Training/locked validation,Seed 1201,val_loss_noise_prediction,0.0,checkpoints/v12/full/gru_matched_time1_seed1201/metrics.csv,Epoch 13
08_v13_training_curves,training,Training/locked validation,Seed 1201,val_loss_noise_prediction,0.0,checkpoints/v12/full/gru_matched_time1_seed1201/metrics.csv,Epoch 14
08_v13_training_curves,training,Training/locked validation,Seed 1201,val_loss_noise_prediction,0.0,checkpoints/v12/full/gru_matched_time1_seed1201/metrics.csv,Epoch 15
08_v13_training_curves,training,Training/locked validation,Seed 1201,val_loss_noise_prediction,0.0,checkpoints/v12/full/gru_matched_time1_seed1201/metrics.csv,Epoch 16
08_v13_training_curves,training,Training/locked validation,Seed 1201,val_loss_noise_prediction,0.0,checkpoints/v12/full/gru_matched_time1_seed1201/metrics.csv,Epoch 17
08_v13_training_curves,training,Training/locked validation,Seed 1201,val_loss_noise_prediction,0.0,checkpoints/v12/full/gru_matched_time1_seed1201/metrics.csv,Epoch 18
08_v13_training_curves,training,Training/locked validation,Seed 1201,val_loss_noise_prediction,0.0,checkpoints/v12/full/gru_matched_time1_seed1201/metrics.csv,Epoch 19
08_v13_training_curves,training,Training/locked validation,Seed 1201,val_loss_noise_prediction,0.0,checkpoints/v12/full/gru_matched_time1_seed1201/metrics.csv,Epoch 20
08_v13_training_curves,training,Training/locked validation,Seed 1201,val_loss_noise_prediction,0.0,checkpoints/v12/full/gru_matched_time1_seed1201/metrics.csv,Epoch 21
08_v13_training_curves,training,Training/locked validation,Seed 1201,val_loss_noise_prediction,0.0,checkpoints/v12/full/gru_matched_time1_seed1201/metrics.csv,Epoch 22
08_v13_training_curves,training,Training/locked validation,Seed 1201,val_loss_noise_prediction,0.0,checkpoints/v12/full/gru_matched_time1_seed1201/metrics.csv,Epoch 23
08_v13_training_curves,training,Training/locked validation,Seed 1201,val_loss_noise_prediction,0.0,checkpoints/v12/full/gru_matched_time1_seed1201/metrics.csv,Epoch 24
08_v13_training_curves,training,Training/locked validation,Seed 1201,val_loss_noise_prediction,0.0,checkpoints/v12/full/gru_matched_time1_seed1201/metrics.csv,Epoch 25
08_v13_training_curves,training,Training/locked validation,Seed 1201,val_loss_noise_prediction,0.0,checkpoints/v12/full/gru_matched_time1_seed1201/metrics.csv,Epoch 26
08_v13_training_curves,training,Training/locked validation,Seed 1201,val_loss_noise_prediction,0.0,checkpoints/v12/full/gru_matched_time1_seed1201/metrics.csv,Epoch 27
08_v13_training_curves,training,Training/locked validation,Seed 1201,val_loss_noise_prediction,0.0,checkpoints/v12/full/gru_matched_time1_seed1201/metrics.csv,Epoch 28
08_v13_training_curves,training,Training/locked validation,Seed 1201,val_loss_noise_prediction,0.0,checkpoints/v12/full/gru_matched_time1_seed1201/metrics.csv,Epoch 29
08_v13_training_curves,training,Training/locked validation,Seed 1201,val_loss_noise_prediction,0.0,checkpoints/v12/full/gru_matched_time1_seed1201/metrics.csv,Epoch 30
08_v13_training_curves,training,Training/locked validation,Seed 1201,val_loss_noise_prediction,0.0,checkpoints/v12/full/gru_matched_time1_seed1201/metrics.csv,Epoch 31
08_v13_training_curves,training,Training/locked validation,Seed 1201,val_loss_noise_prediction,0.0,checkpoints/v12/full/gru_matched_time1_seed1201/metrics.csv,Epoch 32
08_v13_training_curves,training,Training/locked validation,Seed 1201,val_loss_noise_prediction,0.0,checkpoints/v12/full/gru_matched_time1_seed1201/metrics.csv,Epoch 33
08_v13_training_curves,training,Training/locked validation,Seed 1201,val_loss_noise_prediction,0.0,checkpoints/v12/full/gru_matched_time1_seed1201/metrics.csv,Epoch 34
08_v13_training_curves,training,Training/locked validation,Seed 1201,val_loss_noise_prediction,0.0,checkpoints/v12/full/gru_matched_time1_seed1201/metrics.csv,Epoch 35
08_v13_training_curves,training,Training/locked validation,Seed 1201,val_loss_noise_prediction,0.0,checkpoints/v12/full/gru_matched_time1_seed1201/metrics.csv,Epoch 36
08_v13_training_curves,training,Training/locked validation,Seed 1202,val_loss_noise_prediction,0.0,checkpoints/v12/full/gru_matched_time1_seed1202/metrics.csv,Epoch 1
08_v13_training_curves,training,Training/locked validation,Seed 1202,val_loss_noise_prediction,0.0,checkpoints/v12/full/gru_matched_time1_seed1202/metrics.csv,Epoch 2
08_v13_training_curves,training,Training/locked validation,Seed 1202,val_loss_noise_prediction,0.0,checkpoints/v12/full/gru_matched_time1_seed1202/metrics.csv,Epoch 3
08_v13_training_curves,training,Training/locked validation,Seed 1202,val_loss_noise_prediction,0.0,checkpoints/v12/full/gru_matched_time1_seed1202/metrics.csv,Epoch 4
08_v13_training_curves,training,Training/locked validation,Seed 1202,val_loss_noise_prediction,0.0,checkpoints/v12/full/gru_matched_time1_seed1202/metrics.csv,Epoch 5
08_v13_training_curves,training,Training/locked validation,Seed 1202,val_loss_noise_prediction,0.0,checkpoints/v12/full/gru_matched_time1_seed1202/metrics.csv,Epoch 6
08_v13_training_curves,training,Training/locked validation,Seed 1202,val_loss_noise_prediction,0.0,checkpoints/v12/full/gru_matched_time1_seed1202/metrics.csv,Epoch 7
08_v13_training_curves,training,Training/locked validation,Seed 1202,val_loss_noise_prediction,0.0,checkpoints/v12/full/gru_matched_time1_seed1202/metrics.csv,Epoch 8
08_v13_training_curves,training,Training/locked validation,Seed 1202,val_loss_noise_prediction,0.0,checkpoints/v12/full/gru_matched_time1_seed1202/metrics.csv,Epoch 9
08_v13_training_curves,training,Training/locked validation,Seed 1202,val_loss_noise_prediction,0.0,checkpoints/v12/full/gru_matched_time1_seed1202/metrics.csv,Epoch 10
08_v13_training_curves,training,Training/locked validation,Seed 1202,val_loss_noise_prediction,0.0,checkpoints/v12/full/gru_matched_time1_seed1202/metrics.csv,Epoch 11
08_v13_training_curves,training,Training/locked validation,Seed 1202,val_loss_noise_prediction,0.0,checkpoints/v12/full/gru_matched_time1_seed1202/metrics.csv,Epoch 12
08_v13_training_curves,training,Training/locked validation,Seed 1202,val_loss_noise_prediction,0.0,checkpoints/v12/full/gru_matched_time1_seed1202/metrics.csv,Epoch 13
08_v13_training_curves,training,Training/locked validation,Seed 1202,val_loss_noise_prediction,0.0,checkpoints/v12/full/gru_matched_time1_seed1202/metrics.csv,Epoch 14
08_v13_training_curves,training,Training/locked validation,Seed 1202,val_loss_noise_prediction,0.0,checkpoints/v12/full/gru_matched_time1_seed1202/metrics.csv,Epoch 15
08_v13_training_curves,training,Training/locked validation,Seed 1202,val_loss_noise_prediction,0.0,checkpoints/v12/full/gru_matched_time1_seed1202/metrics.csv,Epoch 16
08_v13_training_curves,training,Training/locked validation,Seed 1202,val_loss_noise_prediction,0.0,checkpoints/v12/full/gru_matched_time1_seed1202/metrics.csv,Epoch 17
08_v13_training_curves,training,Training/locked validation,Seed 1202,val_loss_noise_prediction,0.0,checkpoints/v12/full/gru_matched_time1_seed1202/metrics.csv,Epoch 18
08_v13_training_curves,training,Training/locked validation,Seed 1202,val_loss_noise_prediction,0.0,checkpoints/v12/full/gru_matched_time1_seed1202/metrics.csv,Epoch 19
08_v13_training_curves,training,Training/locked validation,Seed 1202,val_loss_noise_prediction,0.0,checkpoints/v12/full/gru_matched_time1_seed1202/metrics.csv,Epoch 20
08_v13_training_curves,training,Training/locked validation,Seed 1202,val_loss_noise_prediction,0.0,checkpoints/v12/full/gru_matched_time1_seed1202/metrics.csv,Epoch 21
08_v13_training_curves,training,Training/locked validation,Seed 1202,val_loss_noise_prediction,0.0,checkpoints/v12/full/gru_matched_time1_seed1202/metrics.csv,Epoch 22
08_v13_training_curves,training,Training/locked validation,Seed 1202,val_loss_noise_prediction,0.0,checkpoints/v12/full/gru_matched_time1_seed1202/metrics.csv,Epoch 23
08_v13_training_curves,training,Training/locked validation,Seed 1202,val_loss_noise_prediction,0.0,checkpoints/v12/full/gru_matched_time1_seed1202/metrics.csv,Epoch 24
08_v13_training_curves,training,Training/locked validation,Seed 1202,val_loss_noise_prediction,0.0,checkpoints/v12/full/gru_matched_time1_seed1202/metrics.csv,Epoch 25
08_v13_training_curves,training,Training/locked validation,Seed 1202,val_loss_noise_prediction,0.0,checkpoints/v12/full/gru_matched_time1_seed1202/metrics.csv,Epoch 26
08_v13_training_curves,training,Training/locked validation,Seed 1202,val_loss_noise_prediction,0.0,checkpoints/v12/full/gru_matched_time1_seed1202/metrics.csv,Epoch 27
08_v13_training_curves,training,Training/locked validation,Seed 1202,val_loss_noise_prediction,0.0,checkpoints/v12/full/gru_matched_time1_seed1202/metrics.csv,Epoch 28
08_v13_training_curves,training,Training/locked validation,Seed 1202,val_loss_noise_prediction,0.0,checkpoints/v12/full/gru_matched_time1_seed1202/metrics.csv,Epoch 29
08_v13_training_curves,training,Training/locked validation,Seed 1202,val_loss_noise_prediction,0.0,checkpoints/v12/full/gru_matched_time1_seed1202/metrics.csv,Epoch 30
08_v13_training_curves,training,Training/locked validation,Seed 1202,val_loss_noise_prediction,0.0,checkpoints/v12/full/gru_matched_time1_seed1202/metrics.csv,Epoch 31
08_v13_training_curves,training,Training/locked validation,Seed 1202,val_loss_noise_prediction,0.0,checkpoints/v12/full/gru_matched_time1_seed1202/metrics.csv,Epoch 32
08_v13_training_curves,training,Training/locked validation,Seed 1202,val_loss_noise_prediction,0.0,checkpoints/v12/full/gru_matched_time1_seed1202/metrics.csv,Epoch 33
08_v13_training_curves,training,Training/locked validation,Seed 1202,val_loss_noise_prediction,0.0,checkpoints/v12/full/gru_matched_time1_seed1202/metrics.csv,Epoch 34
08_v13_training_curves,training,Training/locked validation,Seed 1202,val_loss_noise_prediction,0.0,checkpoints/v12/full/gru_matched_time1_seed1202/metrics.csv,Epoch 35
08_v13_training_curves,training,Training/locked validation,Seed 1202,val_loss_noise_prediction,0.0,checkpoints/v12/full/gru_matched_time1_seed1202/metrics.csv,Epoch 36
08_v13_training_curves,training,Training/locked validation,Seed 1202,val_loss_noise_prediction,0.0,checkpoints/v12/full/gru_matched_time1_seed1202/metrics.csv,Epoch 37
08_v13_training_curves,training,Training/locked validation,Seed 1202,val_loss_noise_prediction,0.0,checkpoints/v12/full/gru_matched_time1_seed1202/metrics.csv,Epoch 38
08_v13_training_curves,training,Training/locked validation,Seed 1202,val_loss_noise_prediction,0.0,checkpoints/v12/full/gru_matched_time1_seed1202/metrics.csv,Epoch 39
08_v13_training_curves,training,Training/locked validation,Seed 1202,val_loss_noise_prediction,0.0,checkpoints/v12/full/gru_matched_time1_seed1202/metrics.csv,Epoch 40
08_v13_training_curves,training,Training/locked validation,Seed 1200,val_loss_magnitude,0.1050369016387883,checkpoints/v12/full/gru_matched_time1_seed1200/metrics.csv,Epoch 1
08_v13_training_curves,training,Training/locked validation,Seed 1200,val_loss_magnitude,0.0770491642110487,checkpoints/v12/full/gru_matched_time1_seed1200/metrics.csv,Epoch 2
08_v13_training_curves,training,Training/locked validation,Seed 1200,val_loss_magnitude,0.0745081862106042,checkpoints/v12/full/gru_matched_time1_seed1200/metrics.csv,Epoch 3
08_v13_training_curves,training,Training/locked validation,Seed 1200,val_loss_magnitude,0.0767376107328078,checkpoints/v12/full/gru_matched_time1_seed1200/metrics.csv,Epoch 4
08_v13_training_curves,training,Training/locked validation,Seed 1200,val_loss_magnitude,0.0825150812811711,checkpoints/v12/full/gru_matched_time1_seed1200/metrics.csv,Epoch 5
08_v13_training_curves,training,Training/locked validation,Seed 1200,val_loss_magnitude,0.0757039237548323,checkpoints/v12/full/gru_matched_time1_seed1200/metrics.csv,Epoch 6
08_v13_training_curves,training,Training/locked validation,Seed 1200,val_loss_magnitude,0.0750327219857889,checkpoints/v12/full/gru_matched_time1_seed1200/metrics.csv,Epoch 7
08_v13_training_curves,training,Training/locked validation,Seed 1200,val_loss_magnitude,0.0825309869559372,checkpoints/v12/full/gru_matched_time1_seed1200/metrics.csv,Epoch 8
08_v13_training_curves,training,Training/locked validation,Seed 1200,val_loss_magnitude,0.0782040804624557,checkpoints/v12/full/gru_matched_time1_seed1200/metrics.csv,Epoch 9
08_v13_training_curves,training,Training/locked validation,Seed 1200,val_loss_magnitude,0.0762014299192849,checkpoints/v12/full/gru_matched_time1_seed1200/metrics.csv,Epoch 10
08_v13_training_curves,training,Training/locked validation,Seed 1200,val_loss_magnitude,0.0758671872317791,checkpoints/v12/full/gru_matched_time1_seed1200/metrics.csv,Epoch 11
08_v13_training_curves,training,Training/locked validation,Seed 1200,val_loss_magnitude,0.0786861726904616,checkpoints/v12/full/gru_matched_time1_seed1200/metrics.csv,Epoch 12
08_v13_training_curves,training,Training/locked validation,Seed 1200,val_loss_magnitude,0.0775313127566786,checkpoints/v12/full/gru_matched_time1_seed1200/metrics.csv,Epoch 13
08_v13_training_curves,training,Training/locked validation,Seed 1200,val_loss_magnitude,0.0774784460663795,checkpoints/v12/full/gru_matched_time1_seed1200/metrics.csv,Epoch 14
08_v13_training_curves,training,Training/locked validation,Seed 1200,val_loss_magnitude,0.0767761074444827,checkpoints/v12/full/gru_matched_time1_seed1200/metrics.csv,Epoch 15
08_v13_training_curves,training,Training/locked validation,Seed 1200,val_loss_magnitude,0.0762601755559444,checkpoints/v12/full/gru_matched_time1_seed1200/metrics.csv,Epoch 16
08_v13_training_curves,training,Training/locked validation,Seed 1200,val_loss_magnitude,0.0786188994260395,checkpoints/v12/full/gru_matched_time1_seed1200/metrics.csv,Epoch 17
08_v13_training_curves,training,Training/locked validation,Seed 1200,val_loss_magnitude,0.0790448723470463,checkpoints/v12/full/gru_matched_time1_seed1200/metrics.csv,Epoch 18
08_v13_training_curves,training,Training/locked validation,Seed 1200,val_loss_magnitude,0.0799522577401469,checkpoints/v12/full/gru_matched_time1_seed1200/metrics.csv,Epoch 19
08_v13_training_curves,training,Training/locked validation,Seed 1200,val_loss_magnitude,0.0779130629756871,checkpoints/v12/full/gru_matched_time1_seed1200/metrics.csv,Epoch 20
08_v13_training_curves,training,Training/locked validation,Seed 1200,val_loss_magnitude,0.079552206046441,checkpoints/v12/full/gru_matched_time1_seed1200/metrics.csv,Epoch 21
08_v13_training_curves,training,Training/locked validation,Seed 1200,val_loss_magnitude,0.0773886663510518,checkpoints/v12/full/gru_matched_time1_seed1200/metrics.csv,Epoch 22
08_v13_training_curves,training,Training/locked validation,Seed 1200,val_loss_magnitude,0.0796841225203345,checkpoints/v12/full/gru_matched_time1_seed1200/metrics.csv,Epoch 23
08_v13_training_curves,training,Training/locked validation,Seed 1200,val_loss_magnitude,0.0751840349505929,checkpoints/v12/full/gru_matched_time1_seed1200/metrics.csv,Epoch 24
08_v13_training_curves,training,Training/locked validation,Seed 1200,val_loss_magnitude,0.0770070975755944,checkpoints/v12/full/gru_matched_time1_seed1200/metrics.csv,Epoch 25
08_v13_training_curves,training,Training/locked validation,Seed 1200,val_loss_magnitude,0.0763911582967814,checkpoints/v12/full/gru_matched_time1_seed1200/metrics.csv,Epoch 26
08_v13_training_curves,training,Training/locked validation,Seed 1200,val_loss_magnitude,0.0774076133966445,checkpoints/v12/full/gru_matched_time1_seed1200/metrics.csv,Epoch 27
08_v13_training_curves,training,Training/locked validation,Seed 1200,val_loss_magnitude,0.0795795143965412,checkpoints/v12/full/gru_matched_time1_seed1200/metrics.csv,Epoch 28
08_v13_training_curves,training,Training/locked validation,Seed 1200,val_loss_magnitude,0.0797400268561699,checkpoints/v12/full/gru_matched_time1_seed1200/metrics.csv,Epoch 29
08_v13_training_curves,training,Training/locked validation,Seed 1200,val_loss_magnitude,0.077714161180398,checkpoints/v12/full/gru_matched_time1_seed1200/metrics.csv,Epoch 30
08_v13_training_curves,training,Training/locked validation,Seed 1200,val_loss_magnitude,0.0779955709243521,checkpoints/v12/full/gru_matched_time1_seed1200/metrics.csv,Epoch 31
08_v13_training_curves,training,Training/locked validation,Seed 1200,val_loss_magnitude,0.0771947557873585,checkpoints/v12/full/gru_matched_time1_seed1200/metrics.csv,Epoch 32
08_v13_training_curves,training,Training/locked validation,Seed 1200,val_loss_magnitude,0.0779194007901584,checkpoints/v12/full/gru_matched_time1_seed1200/metrics.csv,Epoch 33
08_v13_training_curves,training,Training/locked validation,Seed 1200,val_loss_magnitude,0.0768608119996155,checkpoints/v12/full/gru_matched_time1_seed1200/metrics.csv,Epoch 34
08_v13_training_curves,training,Training/locked validation,Seed 1200,val_loss_magnitude,0.0784502943210742,checkpoints/v12/full/gru_matched_time1_seed1200/metrics.csv,Epoch 35
08_v13_training_curves,training,Training/locked validation,Seed 1200,val_loss_magnitude,0.0770548564546248,checkpoints/v12/full/gru_matched_time1_seed1200/metrics.csv,Epoch 36
08_v13_training_curves,training,Training/locked validation,Seed 1200,val_loss_magnitude,0.0766451810212696,checkpoints/v12/full/gru_matched_time1_seed1200/metrics.csv,Epoch 37
08_v13_training_curves,training,Training/locked validation,Seed 1200,val_loss_magnitude,0.0772011288825203,checkpoints/v12/full/gru_matched_time1_seed1200/metrics.csv,Epoch 38
08_v13_training_curves,training,Training/locked validation,Seed 1200,val_loss_magnitude,0.0789159078370122,checkpoints/v12/full/gru_matched_time1_seed1200/metrics.csv,Epoch 39
08_v13_training_curves,training,Training/locked validation,Seed 1200,val_loss_magnitude,0.078628225799869,checkpoints/v12/full/gru_matched_time1_seed1200/metrics.csv,Epoch 40
08_v13_training_curves,training,Training/locked validation,Seed 1201,val_loss_magnitude,0.0936011413440984,checkpoints/v12/full/gru_matched_time1_seed1201/metrics.csv,Epoch 1
08_v13_training_curves,training,Training/locked validation,Seed 1201,val_loss_magnitude,0.0829317994854029,checkpoints/v12/full/gru_matched_time1_seed1201/metrics.csv,Epoch 2
08_v13_training_curves,training,Training/locked validation,Seed 1201,val_loss_magnitude,0.0742022765471654,checkpoints/v12/full/gru_matched_time1_seed1201/metrics.csv,Epoch 3
08_v13_training_curves,training,Training/locked validation,Seed 1201,val_loss_magnitude,0.0759938685771297,checkpoints/v12/full/gru_matched_time1_seed1201/metrics.csv,Epoch 4
08_v13_training_curves,training,Training/locked validation,Seed 1201,val_loss_magnitude,0.0764165465884348,checkpoints/v12/full/gru_matched_time1_seed1201/metrics.csv,Epoch 5
08_v13_training_curves,training,Training/locked validation,Seed 1201,val_loss_magnitude,0.0786616679500131,checkpoints/v12/full/gru_matched_time1_seed1201/metrics.csv,Epoch 6
08_v13_training_curves,training,Training/locked validation,Seed 1201,val_loss_magnitude,0.0838409307248452,checkpoints/v12/full/gru_matched_time1_seed1201/metrics.csv,Epoch 7
08_v13_training_curves,training,Training/locked validation,Seed 1201,val_loss_magnitude,0.0863680894322255,checkpoints/v12/full/gru_matched_time1_seed1201/metrics.csv,Epoch 8
08_v13_training_curves,training,Training/locked validation,Seed 1201,val_loss_magnitude,0.079241752405377,checkpoints/v12/full/gru_matched_time1_seed1201/metrics.csv,Epoch 9
08_v13_training_curves,training,Training/locked validation,Seed 1201,val_loss_magnitude,0.077590770800324,checkpoints/v12/full/gru_matched_time1_seed1201/metrics.csv,Epoch 10
08_v13_training_curves,training,Training/locked validation,Seed 1201,val_loss_magnitude,0.0753700064823908,checkpoints/v12/full/gru_matched_time1_seed1201/metrics.csv,Epoch 11
08_v13_training_curves,training,Training/locked validation,Seed 1201,val_loss_magnitude,0.0835444015615126,checkpoints/v12/full/gru_matched_time1_seed1201/metrics.csv,Epoch 12
08_v13_training_curves,training,Training/locked validation,Seed 1201,val_loss_magnitude,0.0752636700430337,checkpoints/v12/full/gru_matched_time1_seed1201/metrics.csv,Epoch 13
08_v13_training_curves,training,Training/locked validation,Seed 1201,val_loss_magnitude,0.0798168855116647,checkpoints/v12/full/gru_matched_time1_seed1201/metrics.csv,Epoch 14
08_v13_training_curves,training,Training/locked validation,Seed 1201,val_loss_magnitude,0.0792447343906935,checkpoints/v12/full/gru_matched_time1_seed1201/metrics.csv,Epoch 15
08_v13_training_curves,training,Training/locked validation,Seed 1201,val_loss_magnitude,0.0793921515783842,checkpoints/v12/full/gru_matched_time1_seed1201/metrics.csv,Epoch 16
08_v13_training_curves,training,Training/locked validation,Seed 1201,val_loss_magnitude,0.0798772111096802,checkpoints/v12/full/gru_matched_time1_seed1201/metrics.csv,Epoch 17
08_v13_training_curves,training,Training/locked validation,Seed 1201,val_loss_magnitude,0.0779182045337031,checkpoints/v12/full/gru_matched_time1_seed1201/metrics.csv,Epoch 18
08_v13_training_curves,training,Training/locked validation,Seed 1201,val_loss_magnitude,0.0759597015293205,checkpoints/v12/full/gru_matched_time1_seed1201/metrics.csv,Epoch 19
08_v13_training_curves,training,Training/locked validation,Seed 1201,val_loss_magnitude,0.077767579432796,checkpoints/v12/full/gru_matched_time1_seed1201/metrics.csv,Epoch 20
08_v13_training_curves,training,Training/locked validation,Seed 1201,val_loss_magnitude,0.0782847901915802,checkpoints/v12/full/gru_matched_time1_seed1201/metrics.csv,Epoch 21
08_v13_training_curves,training,Training/locked validation,Seed 1201,val_loss_magnitude,0.0792617497636991,checkpoints/v12/full/gru_matched_time1_seed1201/metrics.csv,Epoch 22
08_v13_training_curves,training,Training/locked validation,Seed 1201,val_loss_magnitude,0.0795438331277931,checkpoints/v12/full/gru_matched_time1_seed1201/metrics.csv,Epoch 23
08_v13_training_curves,training,Training/locked validation,Seed 1201,val_loss_magnitude,0.0749494794975308,checkpoints/v12/full/gru_matched_time1_seed1201/metrics.csv,Epoch 24
08_v13_training_curves,training,Training/locked validation,Seed 1201,val_loss_magnitude,0.0775271347340415,checkpoints/v12/full/gru_matched_time1_seed1201/metrics.csv,Epoch 25
08_v13_training_curves,training,Training/locked validation,Seed 1201,val_loss_magnitude,0.0799735992708626,checkpoints/v12/full/gru_matched_time1_seed1201/metrics.csv,Epoch 26
08_v13_training_curves,training,Training/locked validation,Seed 1201,val_loss_magnitude,0.0783550785306622,checkpoints/v12/full/gru_matched_time1_seed1201/metrics.csv,Epoch 27
08_v13_training_curves,training,Training/locked validation,Seed 1201,val_loss_magnitude,0.0788085090325159,checkpoints/v12/full/gru_matched_time1_seed1201/metrics.csv,Epoch 28
08_v13_training_curves,training,Training/locked validation,Seed 1201,val_loss_magnitude,0.0786615930059376,checkpoints/v12/full/gru_matched_time1_seed1201/metrics.csv,Epoch 29
08_v13_training_curves,training,Training/locked validation,Seed 1201,val_loss_magnitude,0.0789640611585448,checkpoints/v12/full/gru_matched_time1_seed1201/metrics.csv,Epoch 30
08_v13_training_curves,training,Training/locked validation,Seed 1201,val_loss_magnitude,0.0783894338151987,checkpoints/v12/full/gru_matched_time1_seed1201/metrics.csv,Epoch 31
08_v13_training_curves,training,Training/locked validation,Seed 1201,val_loss_magnitude,0.0800038161961471,checkpoints/v12/full/gru_matched_time1_seed1201/metrics.csv,Epoch 32
08_v13_training_curves,training,Training/locked validation,Seed 1201,val_loss_magnitude,0.0782647227101466,checkpoints/v12/full/gru_matched_time1_seed1201/metrics.csv,Epoch 33
08_v13_training_curves,training,Training/locked validation,Seed 1201,val_loss_magnitude,0.0771131386213442,checkpoints/v12/full/gru_matched_time1_seed1201/metrics.csv,Epoch 34
08_v13_training_curves,training,Training/locked validation,Seed 1201,val_loss_magnitude,0.0781949539394939,checkpoints/v12/full/gru_matched_time1_seed1201/metrics.csv,Epoch 35
08_v13_training_curves,training,Training/locked validation,Seed 1201,val_loss_magnitude,0.0782371873364729,checkpoints/v12/full/gru_matched_time1_seed1201/metrics.csv,Epoch 36
08_v13_training_curves,training,Training/locked validation,Seed 1202,val_loss_magnitude,0.0952448218184359,checkpoints/v12/full/gru_matched_time1_seed1202/metrics.csv,Epoch 1
08_v13_training_curves,training,Training/locked validation,Seed 1202,val_loss_magnitude,0.0837380818146116,checkpoints/v12/full/gru_matched_time1_seed1202/metrics.csv,Epoch 2
08_v13_training_curves,training,Training/locked validation,Seed 1202,val_loss_magnitude,0.0742191404980771,checkpoints/v12/full/gru_matched_time1_seed1202/metrics.csv,Epoch 3
08_v13_training_curves,training,Training/locked validation,Seed 1202,val_loss_magnitude,0.0833809362614856,checkpoints/v12/full/gru_matched_time1_seed1202/metrics.csv,Epoch 4
08_v13_training_curves,training,Training/locked validation,Seed 1202,val_loss_magnitude,0.079930158879827,checkpoints/v12/full/gru_matched_time1_seed1202/metrics.csv,Epoch 5
08_v13_training_curves,training,Training/locked validation,Seed 1202,val_loss_magnitude,0.0825966436635045,checkpoints/v12/full/gru_matched_time1_seed1202/metrics.csv,Epoch 6
08_v13_training_curves,training,Training/locked validation,Seed 1202,val_loss_magnitude,0.0810973760397995,checkpoints/v12/full/gru_matched_time1_seed1202/metrics.csv,Epoch 7
08_v13_training_curves,training,Training/locked validation,Seed 1202,val_loss_magnitude,0.0800686031579971,checkpoints/v12/full/gru_matched_time1_seed1202/metrics.csv,Epoch 8
08_v13_training_curves,training,Training/locked validation,Seed 1202,val_loss_magnitude,0.0816052069558816,checkpoints/v12/full/gru_matched_time1_seed1202/metrics.csv,Epoch 9
08_v13_training_curves,training,Training/locked validation,Seed 1202,val_loss_magnitude,0.082067488309215,checkpoints/v12/full/gru_matched_time1_seed1202/metrics.csv,Epoch 10
08_v13_training_curves,training,Training/locked validation,Seed 1202,val_loss_magnitude,0.078529293922817,checkpoints/v12/full/gru_matched_time1_seed1202/metrics.csv,Epoch 11
08_v13_training_curves,training,Training/locked validation,Seed 1202,val_loss_magnitude,0.0773996732690755,checkpoints/v12/full/gru_matched_time1_seed1202/metrics.csv,Epoch 12
08_v13_training_curves,training,Training/locked validation,Seed 1202,val_loss_magnitude,0.0833488442003727,checkpoints/v12/full/gru_matched_time1_seed1202/metrics.csv,Epoch 13
08_v13_training_curves,training,Training/locked validation,Seed 1202,val_loss_magnitude,0.0780781844959539,checkpoints/v12/full/gru_matched_time1_seed1202/metrics.csv,Epoch 14
08_v13_training_curves,training,Training/locked validation,Seed 1202,val_loss_magnitude,0.0789918106268433,checkpoints/v12/full/gru_matched_time1_seed1202/metrics.csv,Epoch 15
08_v13_training_curves,training,Training/locked validation,Seed 1202,val_loss_magnitude,0.0782336399835698,checkpoints/v12/full/gru_matched_time1_seed1202/metrics.csv,Epoch 16
08_v13_training_curves,training,Training/locked validation,Seed 1202,val_loss_magnitude,0.0778743337620707,checkpoints/v12/full/gru_matched_time1_seed1202/metrics.csv,Epoch 17
08_v13_training_curves,training,Training/locked validation,Seed 1202,val_loss_magnitude,0.0756390454138026,checkpoints/v12/full/gru_matched_time1_seed1202/metrics.csv,Epoch 18
08_v13_training_curves,training,Training/locked validation,Seed 1202,val_loss_magnitude,0.0762527839225881,checkpoints/v12/full/gru_matched_time1_seed1202/metrics.csv,Epoch 19
08_v13_training_curves,training,Training/locked validation,Seed 1202,val_loss_magnitude,0.078278316075311,checkpoints/v12/full/gru_matched_time1_seed1202/metrics.csv,Epoch 20
08_v13_training_curves,training,Training/locked validation,Seed 1202,val_loss_magnitude,0.078420432174907,checkpoints/v12/full/gru_matched_time1_seed1202/metrics.csv,Epoch 21
08_v13_training_curves,training,Training/locked validation,Seed 1202,val_loss_magnitude,0.0805375764475149,checkpoints/v12/full/gru_matched_time1_seed1202/metrics.csv,Epoch 22
08_v13_training_curves,training,Training/locked validation,Seed 1202,val_loss_magnitude,0.0805167010163559,checkpoints/v12/full/gru_matched_time1_seed1202/metrics.csv,Epoch 23
08_v13_training_curves,training,Training/locked validation,Seed 1202,val_loss_magnitude,0.0764821934349396,checkpoints/v12/full/gru_matched_time1_seed1202/metrics.csv,Epoch 24
08_v13_training_curves,training,Training/locked validation,Seed 1202,val_loss_magnitude,0.0759738265153239,checkpoints/v12/full/gru_matched_time1_seed1202/metrics.csv,Epoch 25
08_v13_training_curves,training,Training/locked validation,Seed 1202,val_loss_magnitude,0.0777559409684994,checkpoints/v12/full/gru_matched_time1_seed1202/metrics.csv,Epoch 26
08_v13_training_curves,training,Training/locked validation,Seed 1202,val_loss_magnitude,0.0766781662755152,checkpoints/v12/full/gru_matched_time1_seed1202/metrics.csv,Epoch 27
08_v13_training_curves,training,Training/locked validation,Seed 1202,val_loss_magnitude,0.0771958714022355,checkpoints/v12/full/gru_matched_time1_seed1202/metrics.csv,Epoch 28
08_v13_training_curves,training,Training/locked validation,Seed 1202,val_loss_magnitude,0.0772944485001704,checkpoints/v12/full/gru_matched_time1_seed1202/metrics.csv,Epoch 29
08_v13_training_curves,training,Training/locked validation,Seed 1202,val_loss_magnitude,0.0799074400873745,checkpoints/v12/full/gru_matched_time1_seed1202/metrics.csv,Epoch 30
08_v13_training_curves,training,Training/locked validation,Seed 1202,val_loss_magnitude,0.0794764899593942,checkpoints/v12/full/gru_matched_time1_seed1202/metrics.csv,Epoch 31
08_v13_training_curves,training,Training/locked validation,Seed 1202,val_loss_magnitude,0.077883394106346,checkpoints/v12/full/gru_matched_time1_seed1202/metrics.csv,Epoch 32
08_v13_training_curves,training,Training/locked validation,Seed 1202,val_loss_magnitude,0.0792260235723327,checkpoints/v12/full/gru_matched_time1_seed1202/metrics.csv,Epoch 33
08_v13_training_curves,training,Training/locked validation,Seed 1202,val_loss_magnitude,0.0774925723671913,checkpoints/v12/full/gru_matched_time1_seed1202/metrics.csv,Epoch 34
08_v13_training_curves,training,Training/locked validation,Seed 1202,val_loss_magnitude,0.0772322574082542,checkpoints/v12/full/gru_matched_time1_seed1202/metrics.csv,Epoch 35
08_v13_training_curves,training,Training/locked validation,Seed 1202,val_loss_magnitude,0.0783745078917811,checkpoints/v12/full/gru_matched_time1_seed1202/metrics.csv,Epoch 36
08_v13_training_curves,training,Training/locked validation,Seed 1202,val_loss_magnitude,0.0778180220547844,checkpoints/v12/full/gru_matched_time1_seed1202/metrics.csv,Epoch 37
08_v13_training_curves,training,Training/locked validation,Seed 1202,val_loss_magnitude,0.0773313906701172,checkpoints/v12/full/gru_matched_time1_seed1202/metrics.csv,Epoch 38
08_v13_training_curves,training,Training/locked validation,Seed 1202,val_loss_magnitude,0.0776215447660754,checkpoints/v12/full/gru_matched_time1_seed1202/metrics.csv,Epoch 39
08_v13_training_curves,training,Training/locked validation,Seed 1202,val_loss_magnitude,0.0779170860700747,checkpoints/v12/full/gru_matched_time1_seed1202/metrics.csv,Epoch 40
08_v13_training_curves,training,Training/locked validation,Seed 1200,val_perceptual_enhanced_pesq,1.5731777572631835,checkpoints/v12/full/gru_matched_time1_seed1200/metrics.csv,Epoch 1
08_v13_training_curves,training,Training/locked validation,Seed 1200,val_perceptual_enhanced_pesq,1.6977817368507386,checkpoints/v12/full/gru_matched_time1_seed1200/metrics.csv,Epoch 2
08_v13_training_curves,training,Training/locked validation,Seed 1200,val_perceptual_enhanced_pesq,1.8094291853904725,checkpoints/v12/full/gru_matched_time1_seed1200/metrics.csv,Epoch 3
08_v13_training_curves,training,Training/locked validation,Seed 1200,val_perceptual_enhanced_pesq,1.8029459726810453,checkpoints/v12/full/gru_matched_time1_seed1200/metrics.csv,Epoch 4
08_v13_training_curves,training,Training/locked validation,Seed 1200,val_perceptual_enhanced_pesq,1.770309373140335,checkpoints/v12/full/gru_matched_time1_seed1200/metrics.csv,Epoch 5
08_v13_training_curves,training,Training/locked validation,Seed 1200,val_perceptual_enhanced_pesq,1.8319507884979247,checkpoints/v12/full/gru_matched_time1_seed1200/metrics.csv,Epoch 6
08_v13_training_curves,training,Training/locked validation,Seed 1200,val_perceptual_enhanced_pesq,1.8813113117218017,checkpoints/v12/full/gru_matched_time1_seed1200/metrics.csv,Epoch 7
08_v13_training_curves,training,Training/locked validation,Seed 1200,val_perceptual_enhanced_pesq,1.8636435055732727,checkpoints/v12/full/gru_matched_time1_seed1200/metrics.csv,Epoch 8
08_v13_training_curves,training,Training/locked validation,Seed 1200,val_perceptual_enhanced_pesq,1.87453665971756,checkpoints/v12/full/gru_matched_time1_seed1200/metrics.csv,Epoch 9
08_v13_training_curves,training,Training/locked validation,Seed 1200,val_perceptual_enhanced_pesq,1.892301572561264,checkpoints/v12/full/gru_matched_time1_seed1200/metrics.csv,Epoch 10
08_v13_training_curves,training,Training/locked validation,Seed 1200,val_perceptual_enhanced_pesq,1.9222656750679017,checkpoints/v12/full/gru_matched_time1_seed1200/metrics.csv,Epoch 11
08_v13_training_curves,training,Training/locked validation,Seed 1200,val_perceptual_enhanced_pesq,1.912943472862244,checkpoints/v12/full/gru_matched_time1_seed1200/metrics.csv,Epoch 12
08_v13_training_curves,training,Training/locked validation,Seed 1200,val_perceptual_enhanced_pesq,1.8995527184009555,checkpoints/v12/full/gru_matched_time1_seed1200/metrics.csv,Epoch 13
08_v13_training_curves,training,Training/locked validation,Seed 1200,val_perceptual_enhanced_pesq,1.931877454519272,checkpoints/v12/full/gru_matched_time1_seed1200/metrics.csv,Epoch 14
08_v13_training_curves,training,Training/locked validation,Seed 1200,val_perceptual_enhanced_pesq,1.945571216344833,checkpoints/v12/full/gru_matched_time1_seed1200/metrics.csv,Epoch 15
08_v13_training_curves,training,Training/locked validation,Seed 1200,val_perceptual_enhanced_pesq,1.950275785923004,checkpoints/v12/full/gru_matched_time1_seed1200/metrics.csv,Epoch 16
08_v13_training_curves,training,Training/locked validation,Seed 1200,val_perceptual_enhanced_pesq,1.9538784301280976,checkpoints/v12/full/gru_matched_time1_seed1200/metrics.csv,Epoch 17
08_v13_training_curves,training,Training/locked validation,Seed 1200,val_perceptual_enhanced_pesq,1.9680429601669311,checkpoints/v12/full/gru_matched_time1_seed1200/metrics.csv,Epoch 18
08_v13_training_curves,training,Training/locked validation,Seed 1200,val_perceptual_enhanced_pesq,1.932488061189652,checkpoints/v12/full/gru_matched_time1_seed1200/metrics.csv,Epoch 19
08_v13_training_curves,training,Training/locked validation,Seed 1200,val_perceptual_enhanced_pesq,1.9769909238815309,checkpoints/v12/full/gru_matched_time1_seed1200/metrics.csv,Epoch 20
08_v13_training_curves,training,Training/locked validation,Seed 1200,val_perceptual_enhanced_pesq,1.951439813375473,checkpoints/v12/full/gru_matched_time1_seed1200/metrics.csv,Epoch 21
08_v13_training_curves,training,Training/locked validation,Seed 1200,val_perceptual_enhanced_pesq,1.971977515220642,checkpoints/v12/full/gru_matched_time1_seed1200/metrics.csv,Epoch 22
08_v13_training_curves,training,Training/locked validation,Seed 1200,val_perceptual_enhanced_pesq,1.964013835191727,checkpoints/v12/full/gru_matched_time1_seed1200/metrics.csv,Epoch 23
08_v13_training_curves,training,Training/locked validation,Seed 1200,val_perceptual_enhanced_pesq,1.98680348277092,checkpoints/v12/full/gru_matched_time1_seed1200/metrics.csv,Epoch 24
08_v13_training_curves,training,Training/locked validation,Seed 1200,val_perceptual_enhanced_pesq,2.0019842624664306,checkpoints/v12/full/gru_matched_time1_seed1200/metrics.csv,Epoch 25
08_v13_training_curves,training,Training/locked validation,Seed 1200,val_perceptual_enhanced_pesq,1.9697592961788175,checkpoints/v12/full/gru_matched_time1_seed1200/metrics.csv,Epoch 26
08_v13_training_curves,training,Training/locked validation,Seed 1200,val_perceptual_enhanced_pesq,1.988747067451477,checkpoints/v12/full/gru_matched_time1_seed1200/metrics.csv,Epoch 27
08_v13_training_curves,training,Training/locked validation,Seed 1200,val_perceptual_enhanced_pesq,1.9860136425495147,checkpoints/v12/full/gru_matched_time1_seed1200/metrics.csv,Epoch 28
08_v13_training_curves,training,Training/locked validation,Seed 1200,val_perceptual_enhanced_pesq,1.9764168655872345,checkpoints/v12/full/gru_matched_time1_seed1200/metrics.csv,Epoch 29
08_v13_training_curves,training,Training/locked validation,Seed 1200,val_perceptual_enhanced_pesq,2.013284537792206,checkpoints/v12/full/gru_matched_time1_seed1200/metrics.csv,Epoch 30
08_v13_training_curves,training,Training/locked validation,Seed 1200,val_perceptual_enhanced_pesq,2.0184541189670564,checkpoints/v12/full/gru_matched_time1_seed1200/metrics.csv,Epoch 31
08_v13_training_curves,training,Training/locked validation,Seed 1200,val_perceptual_enhanced_pesq,2.0009720969200133,checkpoints/v12/full/gru_matched_time1_seed1200/metrics.csv,Epoch 32
08_v13_training_curves,training,Training/locked validation,Seed 1200,val_perceptual_enhanced_pesq,1.9995956063270568,checkpoints/v12/full/gru_matched_time1_seed1200/metrics.csv,Epoch 33
08_v13_training_curves,training,Training/locked validation,Seed 1200,val_perceptual_enhanced_pesq,2.009484978914261,checkpoints/v12/full/gru_matched_time1_seed1200/metrics.csv,Epoch 34
08_v13_training_curves,training,Training/locked validation,Seed 1200,val_perceptual_enhanced_pesq,2.0036867010593413,checkpoints/v12/full/gru_matched_time1_seed1200/metrics.csv,Epoch 35
08_v13_training_curves,training,Training/locked validation,Seed 1200,val_perceptual_enhanced_pesq,2.000995036363601,checkpoints/v12/full/gru_matched_time1_seed1200/metrics.csv,Epoch 36
08_v13_training_curves,training,Training/locked validation,Seed 1200,val_perceptual_enhanced_pesq,2.0247183525562287,checkpoints/v12/full/gru_matched_time1_seed1200/metrics.csv,Epoch 37
08_v13_training_curves,training,Training/locked validation,Seed 1200,val_perceptual_enhanced_pesq,2.0095119869709013,checkpoints/v12/full/gru_matched_time1_seed1200/metrics.csv,Epoch 38
08_v13_training_curves,training,Training/locked validation,Seed 1200,val_perceptual_enhanced_pesq,2.0016268622875213,checkpoints/v12/full/gru_matched_time1_seed1200/metrics.csv,Epoch 39
08_v13_training_curves,training,Training/locked validation,Seed 1200,val_perceptual_enhanced_pesq,2.0078345942497253,checkpoints/v12/full/gru_matched_time1_seed1200/metrics.csv,Epoch 40
08_v13_training_curves,training,Training/locked validation,Seed 1201,val_perceptual_enhanced_pesq,1.6287534928321838,checkpoints/v12/full/gru_matched_time1_seed1201/metrics.csv,Epoch 1
08_v13_training_curves,training,Training/locked validation,Seed 1201,val_perceptual_enhanced_pesq,1.6562580072879791,checkpoints/v12/full/gru_matched_time1_seed1201/metrics.csv,Epoch 2
08_v13_training_curves,training,Training/locked validation,Seed 1201,val_perceptual_enhanced_pesq,1.7510932743549348,checkpoints/v12/full/gru_matched_time1_seed1201/metrics.csv,Epoch 3
08_v13_training_curves,training,Training/locked validation,Seed 1201,val_perceptual_enhanced_pesq,1.7611326885223388,checkpoints/v12/full/gru_matched_time1_seed1201/metrics.csv,Epoch 4
08_v13_training_curves,training,Training/locked validation,Seed 1201,val_perceptual_enhanced_pesq,1.773997939825058,checkpoints/v12/full/gru_matched_time1_seed1201/metrics.csv,Epoch 5
08_v13_training_curves,training,Training/locked validation,Seed 1201,val_perceptual_enhanced_pesq,1.8083201384544367,checkpoints/v12/full/gru_matched_time1_seed1201/metrics.csv,Epoch 6
08_v13_training_curves,training,Training/locked validation,Seed 1201,val_perceptual_enhanced_pesq,1.8189844381809237,checkpoints/v12/full/gru_matched_time1_seed1201/metrics.csv,Epoch 7
08_v13_training_curves,training,Training/locked validation,Seed 1201,val_perceptual_enhanced_pesq,1.809581607580185,checkpoints/v12/full/gru_matched_time1_seed1201/metrics.csv,Epoch 8
08_v13_training_curves,training,Training/locked validation,Seed 1201,val_perceptual_enhanced_pesq,1.8501193273067476,checkpoints/v12/full/gru_matched_time1_seed1201/metrics.csv,Epoch 9
08_v13_training_curves,training,Training/locked validation,Seed 1201,val_perceptual_enhanced_pesq,1.8828326630592347,checkpoints/v12/full/gru_matched_time1_seed1201/metrics.csv,Epoch 10
08_v13_training_curves,training,Training/locked validation,Seed 1201,val_perceptual_enhanced_pesq,1.871948103904724,checkpoints/v12/full/gru_matched_time1_seed1201/metrics.csv,Epoch 11
08_v13_training_curves,training,Training/locked validation,Seed 1201,val_perceptual_enhanced_pesq,1.904175539016724,checkpoints/v12/full/gru_matched_time1_seed1201/metrics.csv,Epoch 12
08_v13_training_curves,training,Training/locked validation,Seed 1201,val_perceptual_enhanced_pesq,1.9137733209133148,checkpoints/v12/full/gru_matched_time1_seed1201/metrics.csv,Epoch 13
08_v13_training_curves,training,Training/locked validation,Seed 1201,val_perceptual_enhanced_pesq,1.9049033629894256,checkpoints/v12/full/gru_matched_time1_seed1201/metrics.csv,Epoch 14
08_v13_training_curves,training,Training/locked validation,Seed 1201,val_perceptual_enhanced_pesq,1.9358621037006376,checkpoints/v12/full/gru_matched_time1_seed1201/metrics.csv,Epoch 15
08_v13_training_curves,training,Training/locked validation,Seed 1201,val_perceptual_enhanced_pesq,1.9437057971954343,checkpoints/v12/full/gru_matched_time1_seed1201/metrics.csv,Epoch 16
08_v13_training_curves,training,Training/locked validation,Seed 1201,val_perceptual_enhanced_pesq,1.935756344795227,checkpoints/v12/full/gru_matched_time1_seed1201/metrics.csv,Epoch 17
08_v13_training_curves,training,Training/locked validation,Seed 1201,val_perceptual_enhanced_pesq,1.919608533382416,checkpoints/v12/full/gru_matched_time1_seed1201/metrics.csv,Epoch 18
08_v13_training_curves,training,Training/locked validation,Seed 1201,val_perceptual_enhanced_pesq,1.9672289192676544,checkpoints/v12/full/gru_matched_time1_seed1201/metrics.csv,Epoch 19
08_v13_training_curves,training,Training/locked validation,Seed 1201,val_perceptual_enhanced_pesq,1.9718699824810029,checkpoints/v12/full/gru_matched_time1_seed1201/metrics.csv,Epoch 20
08_v13_training_curves,training,Training/locked validation,Seed 1201,val_perceptual_enhanced_pesq,1.969039150476456,checkpoints/v12/full/gru_matched_time1_seed1201/metrics.csv,Epoch 21
08_v13_training_curves,training,Training/locked validation,Seed 1201,val_perceptual_enhanced_pesq,1.9873019087314605,checkpoints/v12/full/gru_matched_time1_seed1201/metrics.csv,Epoch 22
08_v13_training_curves,training,Training/locked validation,Seed 1201,val_perceptual_enhanced_pesq,1.9768346428871155,checkpoints/v12/full/gru_matched_time1_seed1201/metrics.csv,Epoch 23
08_v13_training_curves,training,Training/locked validation,Seed 1201,val_perceptual_enhanced_pesq,1.993058589696884,checkpoints/v12/full/gru_matched_time1_seed1201/metrics.csv,Epoch 24
08_v13_training_curves,training,Training/locked validation,Seed 1201,val_perceptual_enhanced_pesq,1.9969719219207764,checkpoints/v12/full/gru_matched_time1_seed1201/metrics.csv,Epoch 25
08_v13_training_curves,training,Training/locked validation,Seed 1201,val_perceptual_enhanced_pesq,1.9894683706760403,checkpoints/v12/full/gru_matched_time1_seed1201/metrics.csv,Epoch 26
08_v13_training_curves,training,Training/locked validation,Seed 1201,val_perceptual_enhanced_pesq,1.9945526349544525,checkpoints/v12/full/gru_matched_time1_seed1201/metrics.csv,Epoch 27
08_v13_training_curves,training,Training/locked validation,Seed 1201,val_perceptual_enhanced_pesq,2.007560119628906,checkpoints/v12/full/gru_matched_time1_seed1201/metrics.csv,Epoch 28
08_v13_training_curves,training,Training/locked validation,Seed 1201,val_perceptual_enhanced_pesq,1.9828122353553768,checkpoints/v12/full/gru_matched_time1_seed1201/metrics.csv,Epoch 29
08_v13_training_curves,training,Training/locked validation,Seed 1201,val_perceptual_enhanced_pesq,1.9896138989925385,checkpoints/v12/full/gru_matched_time1_seed1201/metrics.csv,Epoch 30
08_v13_training_curves,training,Training/locked validation,Seed 1201,val_perceptual_enhanced_pesq,1.9974347496032716,checkpoints/v12/full/gru_matched_time1_seed1201/metrics.csv,Epoch 31
08_v13_training_curves,training,Training/locked validation,Seed 1201,val_perceptual_enhanced_pesq,1.99920533657074,checkpoints/v12/full/gru_matched_time1_seed1201/metrics.csv,Epoch 32
08_v13_training_curves,training,Training/locked validation,Seed 1201,val_perceptual_enhanced_pesq,1.9985607647895811,checkpoints/v12/full/gru_matched_time1_seed1201/metrics.csv,Epoch 33
08_v13_training_curves,training,Training/locked validation,Seed 1201,val_perceptual_enhanced_pesq,2.0104950165748594,checkpoints/v12/full/gru_matched_time1_seed1201/metrics.csv,Epoch 34
08_v13_training_curves,training,Training/locked validation,Seed 1201,val_perceptual_enhanced_pesq,2.010255689620972,checkpoints/v12/full/gru_matched_time1_seed1201/metrics.csv,Epoch 35
08_v13_training_curves,training,Training/locked validation,Seed 1201,val_perceptual_enhanced_pesq,2.006734037399292,checkpoints/v12/full/gru_matched_time1_seed1201/metrics.csv,Epoch 36
08_v13_training_curves,training,Training/locked validation,Seed 1202,val_perceptual_enhanced_pesq,1.6279894375801087,checkpoints/v12/full/gru_matched_time1_seed1202/metrics.csv,Epoch 1
08_v13_training_curves,training,Training/locked validation,Seed 1202,val_perceptual_enhanced_pesq,1.6508653581142425,checkpoints/v12/full/gru_matched_time1_seed1202/metrics.csv,Epoch 2
08_v13_training_curves,training,Training/locked validation,Seed 1202,val_perceptual_enhanced_pesq,1.7143037736415865,checkpoints/v12/full/gru_matched_time1_seed1202/metrics.csv,Epoch 3
08_v13_training_curves,training,Training/locked validation,Seed 1202,val_perceptual_enhanced_pesq,1.7446685540676117,checkpoints/v12/full/gru_matched_time1_seed1202/metrics.csv,Epoch 4
08_v13_training_curves,training,Training/locked validation,Seed 1202,val_perceptual_enhanced_pesq,1.8363271427154544,checkpoints/v12/full/gru_matched_time1_seed1202/metrics.csv,Epoch 5
08_v13_training_curves,training,Training/locked validation,Seed 1202,val_perceptual_enhanced_pesq,1.8385641074180603,checkpoints/v12/full/gru_matched_time1_seed1202/metrics.csv,Epoch 6
08_v13_training_curves,training,Training/locked validation,Seed 1202,val_perceptual_enhanced_pesq,1.865585372447968,checkpoints/v12/full/gru_matched_time1_seed1202/metrics.csv,Epoch 7
08_v13_training_curves,training,Training/locked validation,Seed 1202,val_perceptual_enhanced_pesq,1.8483727860450745,checkpoints/v12/full/gru_matched_time1_seed1202/metrics.csv,Epoch 8
08_v13_training_curves,training,Training/locked validation,Seed 1202,val_perceptual_enhanced_pesq,1.86233899474144,checkpoints/v12/full/gru_matched_time1_seed1202/metrics.csv,Epoch 9
08_v13_training_curves,training,Training/locked validation,Seed 1202,val_perceptual_enhanced_pesq,1.8679367125034327,checkpoints/v12/full/gru_matched_time1_seed1202/metrics.csv,Epoch 10
08_v13_training_curves,training,Training/locked validation,Seed 1202,val_perceptual_enhanced_pesq,1.8901859295368195,checkpoints/v12/full/gru_matched_time1_seed1202/metrics.csv,Epoch 11
08_v13_training_curves,training,Training/locked validation,Seed 1202,val_perceptual_enhanced_pesq,1.909916999340057,checkpoints/v12/full/gru_matched_time1_seed1202/metrics.csv,Epoch 12
08_v13_training_curves,training,Training/locked validation,Seed 1202,val_perceptual_enhanced_pesq,1.9094686710834503,checkpoints/v12/full/gru_matched_time1_seed1202/metrics.csv,Epoch 13
08_v13_training_curves,training,Training/locked validation,Seed 1202,val_perceptual_enhanced_pesq,1.9185243260860445,checkpoints/v12/full/gru_matched_time1_seed1202/metrics.csv,Epoch 14
08_v13_training_curves,training,Training/locked validation,Seed 1202,val_perceptual_enhanced_pesq,1.9333878445625303,checkpoints/v12/full/gru_matched_time1_seed1202/metrics.csv,Epoch 15
08_v13_training_curves,training,Training/locked validation,Seed 1202,val_perceptual_enhanced_pesq,1.930950903892517,checkpoints/v12/full/gru_matched_time1_seed1202/metrics.csv,Epoch 16
08_v13_training_curves,training,Training/locked validation,Seed 1202,val_perceptual_enhanced_pesq,1.94362837433815,checkpoints/v12/full/gru_matched_time1_seed1202/metrics.csv,Epoch 17
08_v13_training_curves,training,Training/locked validation,Seed 1202,val_perceptual_enhanced_pesq,1.954082388877869,checkpoints/v12/full/gru_matched_time1_seed1202/metrics.csv,Epoch 18
08_v13_training_curves,training,Training/locked validation,Seed 1202,val_perceptual_enhanced_pesq,1.9699691545963287,checkpoints/v12/full/gru_matched_time1_seed1202/metrics.csv,Epoch 19
08_v13_training_curves,training,Training/locked validation,Seed 1202,val_perceptual_enhanced_pesq,1.9742359280586244,checkpoints/v12/full/gru_matched_time1_seed1202/metrics.csv,Epoch 20
08_v13_training_curves,training,Training/locked validation,Seed 1202,val_perceptual_enhanced_pesq,1.9721783185005188,checkpoints/v12/full/gru_matched_time1_seed1202/metrics.csv,Epoch 21
08_v13_training_curves,training,Training/locked validation,Seed 1202,val_perceptual_enhanced_pesq,1.966711436510086,checkpoints/v12/full/gru_matched_time1_seed1202/metrics.csv,Epoch 22
08_v13_training_curves,training,Training/locked validation,Seed 1202,val_perceptual_enhanced_pesq,1.9658839786052704,checkpoints/v12/full/gru_matched_time1_seed1202/metrics.csv,Epoch 23
08_v13_training_curves,training,Training/locked validation,Seed 1202,val_perceptual_enhanced_pesq,1.997071521282196,checkpoints/v12/full/gru_matched_time1_seed1202/metrics.csv,Epoch 24
08_v13_training_curves,training,Training/locked validation,Seed 1202,val_perceptual_enhanced_pesq,1.9758492624759676,checkpoints/v12/full/gru_matched_time1_seed1202/metrics.csv,Epoch 25
08_v13_training_curves,training,Training/locked validation,Seed 1202,val_perceptual_enhanced_pesq,1.9755881071090695,checkpoints/v12/full/gru_matched_time1_seed1202/metrics.csv,Epoch 26
08_v13_training_curves,training,Training/locked validation,Seed 1202,val_perceptual_enhanced_pesq,1.9807036852836608,checkpoints/v12/full/gru_matched_time1_seed1202/metrics.csv,Epoch 27
08_v13_training_curves,training,Training/locked validation,Seed 1202,val_perceptual_enhanced_pesq,1.98918541431427,checkpoints/v12/full/gru_matched_time1_seed1202/metrics.csv,Epoch 28
08_v13_training_curves,training,Training/locked validation,Seed 1202,val_perceptual_enhanced_pesq,1.9826400828361512,checkpoints/v12/full/gru_matched_time1_seed1202/metrics.csv,Epoch 29
08_v13_training_curves,training,Training/locked validation,Seed 1202,val_perceptual_enhanced_pesq,2.001451163291931,checkpoints/v12/full/gru_matched_time1_seed1202/metrics.csv,Epoch 30
08_v13_training_curves,training,Training/locked validation,Seed 1202,val_perceptual_enhanced_pesq,1.9896494710445405,checkpoints/v12/full/gru_matched_time1_seed1202/metrics.csv,Epoch 31
08_v13_training_curves,training,Training/locked validation,Seed 1202,val_perceptual_enhanced_pesq,1.9906525635719297,checkpoints/v12/full/gru_matched_time1_seed1202/metrics.csv,Epoch 32
08_v13_training_curves,training,Training/locked validation,Seed 1202,val_perceptual_enhanced_pesq,1.9883638072013852,checkpoints/v12/full/gru_matched_time1_seed1202/metrics.csv,Epoch 33
08_v13_training_curves,training,Training/locked validation,Seed 1202,val_perceptual_enhanced_pesq,2.00972464799881,checkpoints/v12/full/gru_matched_time1_seed1202/metrics.csv,Epoch 34
08_v13_training_curves,training,Training/locked validation,Seed 1202,val_perceptual_enhanced_pesq,1.9961834573745727,checkpoints/v12/full/gru_matched_time1_seed1202/metrics.csv,Epoch 35
08_v13_training_curves,training,Training/locked validation,Seed 1202,val_perceptual_enhanced_pesq,2.0002490377426145,checkpoints/v12/full/gru_matched_time1_seed1202/metrics.csv,Epoch 36
08_v13_training_curves,training,Training/locked validation,Seed 1202,val_perceptual_enhanced_pesq,1.9962092697620395,checkpoints/v12/full/gru_matched_time1_seed1202/metrics.csv,Epoch 37
08_v13_training_curves,training,Training/locked validation,Seed 1202,val_perceptual_enhanced_pesq,1.9996930146217349,checkpoints/v12/full/gru_matched_time1_seed1202/metrics.csv,Epoch 38
08_v13_training_curves,training,Training/locked validation,Seed 1202,val_perceptual_enhanced_pesq,2.0103181207180025,checkpoints/v12/full/gru_matched_time1_seed1202/metrics.csv,Epoch 39
08_v13_training_curves,training,Training/locked validation,Seed 1202,val_perceptual_enhanced_pesq,2.002748564481735,checkpoints/v12/full/gru_matched_time1_seed1202/metrics.csv,Epoch 40
08_v13_training_curves,training,Training/locked validation,Seed 1200,val_perceptual_si_sdr_improvement,4.19928815536201,checkpoints/v12/full/gru_matched_time1_seed1200/metrics.csv,Epoch 1
08_v13_training_curves,training,Training/locked validation,Seed 1200,val_perceptual_si_sdr_improvement,5.828791348785162,checkpoints/v12/full/gru_matched_time1_seed1200/metrics.csv,Epoch 2
08_v13_training_curves,training,Training/locked validation,Seed 1200,val_perceptual_si_sdr_improvement,6.798622464686632,checkpoints/v12/full/gru_matched_time1_seed1200/metrics.csv,Epoch 3
08_v13_training_curves,training,Training/locked validation,Seed 1200,val_perceptual_si_sdr_improvement,6.977165126353502,checkpoints/v12/full/gru_matched_time1_seed1200/metrics.csv,Epoch 4
08_v13_training_curves,training,Training/locked validation,Seed 1200,val_perceptual_si_sdr_improvement,7.068154548555612,checkpoints/v12/full/gru_matched_time1_seed1200/metrics.csv,Epoch 5
08_v13_training_curves,training,Training/locked validation,Seed 1200,val_perceptual_si_sdr_improvement,6.984556113034487,checkpoints/v12/full/gru_matched_time1_seed1200/metrics.csv,Epoch 6
08_v13_training_curves,training,Training/locked validation,Seed 1200,val_perceptual_si_sdr_improvement,7.200854437500238,checkpoints/v12/full/gru_matched_time1_seed1200/metrics.csv,Epoch 7
08_v13_training_curves,training,Training/locked validation,Seed 1200,val_perceptual_si_sdr_improvement,7.44576095238328,checkpoints/v12/full/gru_matched_time1_seed1200/metrics.csv,Epoch 8
08_v13_training_curves,training,Training/locked validation,Seed 1200,val_perceptual_si_sdr_improvement,7.303909062296152,checkpoints/v12/full/gru_matched_time1_seed1200/metrics.csv,Epoch 9
08_v13_training_curves,training,Training/locked validation,Seed 1200,val_perceptual_si_sdr_improvement,7.376302502304315,checkpoints/v12/full/gru_matched_time1_seed1200/metrics.csv,Epoch 10
08_v13_training_curves,training,Training/locked validation,Seed 1200,val_perceptual_si_sdr_improvement,7.52386923328042,checkpoints/v12/full/gru_matched_time1_seed1200/metrics.csv,Epoch 11
08_v13_training_curves,training,Training/locked validation,Seed 1200,val_perceptual_si_sdr_improvement,7.535160529762506,checkpoints/v12/full/gru_matched_time1_seed1200/metrics.csv,Epoch 12
08_v13_training_curves,training,Training/locked validation,Seed 1200,val_perceptual_si_sdr_improvement,7.361392095237971,checkpoints/v12/full/gru_matched_time1_seed1200/metrics.csv,Epoch 13
08_v13_training_curves,training,Training/locked validation,Seed 1200,val_perceptual_si_sdr_improvement,7.521442183405161,checkpoints/v12/full/gru_matched_time1_seed1200/metrics.csv,Epoch 14
08_v13_training_curves,training,Training/locked validation,Seed 1200,val_perceptual_si_sdr_improvement,7.544283780008555,checkpoints/v12/full/gru_matched_time1_seed1200/metrics.csv,Epoch 15
08_v13_training_curves,training,Training/locked validation,Seed 1200,val_perceptual_si_sdr_improvement,7.650014867931604,checkpoints/v12/full/gru_matched_time1_seed1200/metrics.csv,Epoch 16
08_v13_training_curves,training,Training/locked validation,Seed 1200,val_perceptual_si_sdr_improvement,7.758621595054865,checkpoints/v12/full/gru_matched_time1_seed1200/metrics.csv,Epoch 17
08_v13_training_curves,training,Training/locked validation,Seed 1200,val_perceptual_si_sdr_improvement,7.883409040123224,checkpoints/v12/full/gru_matched_time1_seed1200/metrics.csv,Epoch 18
08_v13_training_curves,training,Training/locked validation,Seed 1200,val_perceptual_si_sdr_improvement,7.75858445905149,checkpoints/v12/full/gru_matched_time1_seed1200/metrics.csv,Epoch 19
08_v13_training_curves,training,Training/locked validation,Seed 1200,val_perceptual_si_sdr_improvement,7.683242005258799,checkpoints/v12/full/gru_matched_time1_seed1200/metrics.csv,Epoch 20
08_v13_training_curves,training,Training/locked validation,Seed 1200,val_perceptual_si_sdr_improvement,7.869929419904947,checkpoints/v12/full/gru_matched_time1_seed1200/metrics.csv,Epoch 21
08_v13_training_curves,training,Training/locked validation,Seed 1200,val_perceptual_si_sdr_improvement,7.895725951343775,checkpoints/v12/full/gru_matched_time1_seed1200/metrics.csv,Epoch 22
08_v13_training_curves,training,Training/locked validation,Seed 1200,val_perceptual_si_sdr_improvement,7.902411916404962,checkpoints/v12/full/gru_matched_time1_seed1200/metrics.csv,Epoch 23
08_v13_training_curves,training,Training/locked validation,Seed 1200,val_perceptual_si_sdr_improvement,7.876052436977625,checkpoints/v12/full/gru_matched_time1_seed1200/metrics.csv,Epoch 24
08_v13_training_curves,training,Training/locked validation,Seed 1200,val_perceptual_si_sdr_improvement,7.98278218999505,checkpoints/v12/full/gru_matched_time1_seed1200/metrics.csv,Epoch 25
08_v13_training_curves,training,Training/locked validation,Seed 1200,val_perceptual_si_sdr_improvement,7.939036581665277,checkpoints/v12/full/gru_matched_time1_seed1200/metrics.csv,Epoch 26
08_v13_training_curves,training,Training/locked validation,Seed 1200,val_perceptual_si_sdr_improvement,7.9736495114862915,checkpoints/v12/full/gru_matched_time1_seed1200/metrics.csv,Epoch 27
08_v13_training_curves,training,Training/locked validation,Seed 1200,val_perceptual_si_sdr_improvement,7.96418173328042,checkpoints/v12/full/gru_matched_time1_seed1200/metrics.csv,Epoch 28
08_v13_training_curves,training,Training/locked validation,Seed 1200,val_perceptual_si_sdr_improvement,7.939532096087933,checkpoints/v12/full/gru_matched_time1_seed1200/metrics.csv,Epoch 29
08_v13_training_curves,training,Training/locked validation,Seed 1200,val_perceptual_si_sdr_improvement,8.075575733333826,checkpoints/v12/full/gru_matched_time1_seed1200/metrics.csv,Epoch 30
08_v13_training_curves,training,Training/locked validation,Seed 1200,val_perceptual_si_sdr_improvement,8.056334450393916,checkpoints/v12/full/gru_matched_time1_seed1200/metrics.csv,Epoch 31
08_v13_training_curves,training,Training/locked validation,Seed 1200,val_perceptual_si_sdr_improvement,8.044622459560633,checkpoints/v12/full/gru_matched_time1_seed1200/metrics.csv,Epoch 32
08_v13_training_curves,training,Training/locked validation,Seed 1200,val_perceptual_si_sdr_improvement,8.0165040256083,checkpoints/v12/full/gru_matched_time1_seed1200/metrics.csv,Epoch 33
08_v13_training_curves,training,Training/locked validation,Seed 1200,val_perceptual_si_sdr_improvement,8.023633937984705,checkpoints/v12/full/gru_matched_time1_seed1200/metrics.csv,Epoch 34
08_v13_training_curves,training,Training/locked validation,Seed 1200,val_perceptual_si_sdr_improvement,8.067285370975732,checkpoints/v12/full/gru_matched_time1_seed1200/metrics.csv,Epoch 35
08_v13_training_curves,training,Training/locked validation,Seed 1200,val_perceptual_si_sdr_improvement,7.97644240155816,checkpoints/v12/full/gru_matched_time1_seed1200/metrics.csv,Epoch 36
08_v13_training_curves,training,Training/locked validation,Seed 1200,val_perceptual_si_sdr_improvement,8.016058430820703,checkpoints/v12/full/gru_matched_time1_seed1200/metrics.csv,Epoch 37
08_v13_training_curves,training,Training/locked validation,Seed 1200,val_perceptual_si_sdr_improvement,8.016388641744852,checkpoints/v12/full/gru_matched_time1_seed1200/metrics.csv,Epoch 38
08_v13_training_curves,training,Training/locked validation,Seed 1200,val_perceptual_si_sdr_improvement,8.046994733959437,checkpoints/v12/full/gru_matched_time1_seed1200/metrics.csv,Epoch 39
08_v13_training_curves,training,Training/locked validation,Seed 1200,val_perceptual_si_sdr_improvement,8.042015769630671,checkpoints/v12/full/gru_matched_time1_seed1200/metrics.csv,Epoch 40
08_v13_training_curves,training,Training/locked validation,Seed 1201,val_perceptual_si_sdr_improvement,4.594159320592881,checkpoints/v12/full/gru_matched_time1_seed1201/metrics.csv,Epoch 1
08_v13_training_curves,training,Training/locked validation,Seed 1201,val_perceptual_si_sdr_improvement,5.017015365352854,checkpoints/v12/full/gru_matched_time1_seed1201/metrics.csv,Epoch 2
08_v13_training_curves,training,Training/locked validation,Seed 1201,val_perceptual_si_sdr_improvement,6.495839211046696,checkpoints/v12/full/gru_matched_time1_seed1201/metrics.csv,Epoch 3
08_v13_training_curves,training,Training/locked validation,Seed 1201,val_perceptual_si_sdr_improvement,6.550046047717333,checkpoints/v12/full/gru_matched_time1_seed1201/metrics.csv,Epoch 4
08_v13_training_curves,training,Training/locked validation,Seed 1201,val_perceptual_si_sdr_improvement,6.583981678634882,checkpoints/v12/full/gru_matched_time1_seed1201/metrics.csv,Epoch 5
08_v13_training_curves,training,Training/locked validation,Seed 1201,val_perceptual_si_sdr_improvement,7.041181810647249,checkpoints/v12/full/gru_matched_time1_seed1201/metrics.csv,Epoch 6
08_v13_training_curves,training,Training/locked validation,Seed 1201,val_perceptual_si_sdr_improvement,7.106244086176157,checkpoints/v12/full/gru_matched_time1_seed1201/metrics.csv,Epoch 7
08_v13_training_curves,training,Training/locked validation,Seed 1201,val_perceptual_si_sdr_improvement,7.049697966724634,checkpoints/v12/full/gru_matched_time1_seed1201/metrics.csv,Epoch 8
08_v13_training_curves,training,Training/locked validation,Seed 1201,val_perceptual_si_sdr_improvement,7.311957614570856,checkpoints/v12/full/gru_matched_time1_seed1201/metrics.csv,Epoch 9
08_v13_training_curves,training,Training/locked validation,Seed 1201,val_perceptual_si_sdr_improvement,7.308305384069681,checkpoints/v12/full/gru_matched_time1_seed1201/metrics.csv,Epoch 10
08_v13_training_curves,training,Training/locked validation,Seed 1201,val_perceptual_si_sdr_improvement,7.08004130974412,checkpoints/v12/full/gru_matched_time1_seed1201/metrics.csv,Epoch 11
08_v13_training_curves,training,Training/locked validation,Seed 1201,val_perceptual_si_sdr_improvement,7.555102937370538,checkpoints/v12/full/gru_matched_time1_seed1201/metrics.csv,Epoch 12
08_v13_training_curves,training,Training/locked validation,Seed 1201,val_perceptual_si_sdr_improvement,7.495837741047143,checkpoints/v12/full/gru_matched_time1_seed1201/metrics.csv,Epoch 13
08_v13_training_curves,training,Training/locked validation,Seed 1201,val_perceptual_si_sdr_improvement,7.59338581815362,checkpoints/v12/full/gru_matched_time1_seed1201/metrics.csv,Epoch 14
08_v13_training_curves,training,Training/locked validation,Seed 1201,val_perceptual_si_sdr_improvement,7.580566802173853,checkpoints/v12/full/gru_matched_time1_seed1201/metrics.csv,Epoch 15
08_v13_training_curves,training,Training/locked validation,Seed 1201,val_perceptual_si_sdr_improvement,7.59021054521203,checkpoints/v12/full/gru_matched_time1_seed1201/metrics.csv,Epoch 16
08_v13_training_curves,training,Training/locked validation,Seed 1201,val_perceptual_si_sdr_improvement,7.713779349476099,checkpoints/v12/full/gru_matched_time1_seed1201/metrics.csv,Epoch 17
08_v13_training_curves,training,Training/locked validation,Seed 1201,val_perceptual_si_sdr_improvement,7.729804504066705,checkpoints/v12/full/gru_matched_time1_seed1201/metrics.csv,Epoch 18
08_v13_training_curves,training,Training/locked validation,Seed 1201,val_perceptual_si_sdr_improvement,7.709761529117823,checkpoints/v12/full/gru_matched_time1_seed1201/metrics.csv,Epoch 19
08_v13_training_curves,training,Training/locked validation,Seed 1201,val_perceptual_si_sdr_improvement,7.865423572212458,checkpoints/v12/full/gru_matched_time1_seed1201/metrics.csv,Epoch 20
08_v13_training_curves,training,Training/locked validation,Seed 1201,val_perceptual_si_sdr_improvement,7.857631590515375,checkpoints/v12/full/gru_matched_time1_seed1201/metrics.csv,Epoch 21
08_v13_training_curves,training,Training/locked validation,Seed 1201,val_perceptual_si_sdr_improvement,7.776343565136194,checkpoints/v12/full/gru_matched_time1_seed1201/metrics.csv,Epoch 22
08_v13_training_curves,training,Training/locked validation,Seed 1201,val_perceptual_si_sdr_improvement,7.969114732891321,checkpoints/v12/full/gru_matched_time1_seed1201/metrics.csv,Epoch 23
08_v13_training_curves,training,Training/locked validation,Seed 1201,val_perceptual_si_sdr_improvement,7.8241871286928655,checkpoints/v12/full/gru_matched_time1_seed1201/metrics.csv,Epoch 24
08_v13_training_curves,training,Training/locked validation,Seed 1201,val_perceptual_si_sdr_improvement,7.900603830963373,checkpoints/v12/full/gru_matched_time1_seed1201/metrics.csv,Epoch 25
08_v13_training_curves,training,Training/locked validation,Seed 1201,val_perceptual_si_sdr_improvement,7.940147073417902,checkpoints/v12/full/gru_matched_time1_seed1201/metrics.csv,Epoch 26
08_v13_training_curves,training,Training/locked validation,Seed 1201,val_perceptual_si_sdr_improvement,7.994784341007471,checkpoints/v12/full/gru_matched_time1_seed1201/metrics.csv,Epoch 27
08_v13_training_curves,training,Training/locked validation,Seed 1201,val_perceptual_si_sdr_improvement,8.071952731758357,checkpoints/v12/full/gru_matched_time1_seed1201/metrics.csv,Epoch 28
08_v13_training_curves,training,Training/locked validation,Seed 1201,val_perceptual_si_sdr_improvement,7.964554526954889,checkpoints/v12/full/gru_matched_time1_seed1201/metrics.csv,Epoch 29
08_v13_training_curves,training,Training/locked validation,Seed 1201,val_perceptual_si_sdr_improvement,8.020019867569209,checkpoints/v12/full/gru_matched_time1_seed1201/metrics.csv,Epoch 30
08_v13_training_curves,training,Training/locked validation,Seed 1201,val_perceptual_si_sdr_improvement,8.040452881008386,checkpoints/v12/full/gru_matched_time1_seed1201/metrics.csv,Epoch 31
08_v13_training_curves,training,Training/locked validation,Seed 1201,val_perceptual_si_sdr_improvement,8.027257211357355,checkpoints/v12/full/gru_matched_time1_seed1201/metrics.csv,Epoch 32
08_v13_training_curves,training,Training/locked validation,Seed 1201,val_perceptual_si_sdr_improvement,7.976523754745722,checkpoints/v12/full/gru_matched_time1_seed1201/metrics.csv,Epoch 33
08_v13_training_curves,training,Training/locked validation,Seed 1201,val_perceptual_si_sdr_improvement,8.030389659553766,checkpoints/v12/full/gru_matched_time1_seed1201/metrics.csv,Epoch 34
08_v13_training_curves,training,Training/locked validation,Seed 1201,val_perceptual_si_sdr_improvement,8.001014592796563,checkpoints/v12/full/gru_matched_time1_seed1201/metrics.csv,Epoch 35
08_v13_training_curves,training,Training/locked validation,Seed 1201,val_perceptual_si_sdr_improvement,8.017305171638727,checkpoints/v12/full/gru_matched_time1_seed1201/metrics.csv,Epoch 36
08_v13_training_curves,training,Training/locked validation,Seed 1202,val_perceptual_si_sdr_improvement,4.566332270726561,checkpoints/v12/full/gru_matched_time1_seed1202/metrics.csv,Epoch 1
08_v13_training_curves,training,Training/locked validation,Seed 1202,val_perceptual_si_sdr_improvement,5.068115799352527,checkpoints/v12/full/gru_matched_time1_seed1202/metrics.csv,Epoch 2
08_v13_training_curves,training,Training/locked validation,Seed 1202,val_perceptual_si_sdr_improvement,6.5133004428446295,checkpoints/v12/full/gru_matched_time1_seed1202/metrics.csv,Epoch 3
08_v13_training_curves,training,Training/locked validation,Seed 1202,val_perceptual_si_sdr_improvement,6.806729414612055,checkpoints/v12/full/gru_matched_time1_seed1202/metrics.csv,Epoch 4
08_v13_training_curves,training,Training/locked validation,Seed 1202,val_perceptual_si_sdr_improvement,7.0065021075308325,checkpoints/v12/full/gru_matched_time1_seed1202/metrics.csv,Epoch 5
08_v13_training_curves,training,Training/locked validation,Seed 1202,val_perceptual_si_sdr_improvement,7.206203088909388,checkpoints/v12/full/gru_matched_time1_seed1202/metrics.csv,Epoch 6
08_v13_training_curves,training,Training/locked validation,Seed 1202,val_perceptual_si_sdr_improvement,7.141111097484827,checkpoints/v12/full/gru_matched_time1_seed1202/metrics.csv,Epoch 7
08_v13_training_curves,training,Training/locked validation,Seed 1202,val_perceptual_si_sdr_improvement,7.232970038205385,checkpoints/v12/full/gru_matched_time1_seed1202/metrics.csv,Epoch 8
08_v13_training_curves,training,Training/locked validation,Seed 1202,val_perceptual_si_sdr_improvement,7.318237941414118,checkpoints/v12/full/gru_matched_time1_seed1202/metrics.csv,Epoch 9
08_v13_training_curves,training,Training/locked validation,Seed 1202,val_perceptual_si_sdr_improvement,7.280856397300958,checkpoints/v12/full/gru_matched_time1_seed1202/metrics.csv,Epoch 10
08_v13_training_curves,training,Training/locked validation,Seed 1202,val_perceptual_si_sdr_improvement,7.45299129024148,checkpoints/v12/full/gru_matched_time1_seed1202/metrics.csv,Epoch 11
08_v13_training_curves,training,Training/locked validation,Seed 1202,val_perceptual_si_sdr_improvement,7.552644081264734,checkpoints/v12/full/gru_matched_time1_seed1202/metrics.csv,Epoch 12
08_v13_training_curves,training,Training/locked validation,Seed 1202,val_perceptual_si_sdr_improvement,7.495018319636583,checkpoints/v12/full/gru_matched_time1_seed1202/metrics.csv,Epoch 13
08_v13_training_curves,training,Training/locked validation,Seed 1202,val_perceptual_si_sdr_improvement,7.599479479938745,checkpoints/v12/full/gru_matched_time1_seed1202/metrics.csv,Epoch 14
08_v13_training_curves,training,Training/locked validation,Seed 1202,val_perceptual_si_sdr_improvement,7.621193146854639,checkpoints/v12/full/gru_matched_time1_seed1202/metrics.csv,Epoch 15
08_v13_training_curves,training,Training/locked validation,Seed 1202,val_perceptual_si_sdr_improvement,7.497182507663965,checkpoints/v12/full/gru_matched_time1_seed1202/metrics.csv,Epoch 16
08_v13_training_curves,training,Training/locked validation,Seed 1202,val_perceptual_si_sdr_improvement,7.600636738687753,checkpoints/v12/full/gru_matched_time1_seed1202/metrics.csv,Epoch 17
08_v13_training_curves,training,Training/locked validation,Seed 1202,val_perceptual_si_sdr_improvement,7.71917422786355,checkpoints/v12/full/gru_matched_time1_seed1202/metrics.csv,Epoch 18
08_v13_training_curves,training,Training/locked validation,Seed 1202,val_perceptual_si_sdr_improvement,7.787170589119196,checkpoints/v12/full/gru_matched_time1_seed1202/metrics.csv,Epoch 19
08_v13_training_curves,training,Training/locked validation,Seed 1202,val_perceptual_si_sdr_improvement,7.834676170498133,checkpoints/v12/full/gru_matched_time1_seed1202/metrics.csv,Epoch 20
08_v13_training_curves,training,Training/locked validation,Seed 1202,val_perceptual_si_sdr_improvement,7.901841030269861,checkpoints/v12/full/gru_matched_time1_seed1202/metrics.csv,Epoch 21
08_v13_training_curves,training,Training/locked validation,Seed 1202,val_perceptual_si_sdr_improvement,7.81989950671792,checkpoints/v12/full/gru_matched_time1_seed1202/metrics.csv,Epoch 22
08_v13_training_curves,training,Training/locked validation,Seed 1202,val_perceptual_si_sdr_improvement,7.86031090632081,checkpoints/v12/full/gru_matched_time1_seed1202/metrics.csv,Epoch 23
08_v13_training_curves,training,Training/locked validation,Seed 1202,val_perceptual_si_sdr_improvement,7.836850589662791,checkpoints/v12/full/gru_matched_time1_seed1202/metrics.csv,Epoch 24
08_v13_training_curves,training,Training/locked validation,Seed 1202,val_perceptual_si_sdr_improvement,7.921307528167963,checkpoints/v12/full/gru_matched_time1_seed1202/metrics.csv,Epoch 25
08_v13_training_curves,training,Training/locked validation,Seed 1202,val_perceptual_si_sdr_improvement,7.906720556169748,checkpoints/v12/full/gru_matched_time1_seed1202/metrics.csv,Epoch 26
08_v13_training_curves,training,Training/locked validation,Seed 1202,val_perceptual_si_sdr_improvement,7.953860798031092,checkpoints/v12/full/gru_matched_time1_seed1202/metrics.csv,Epoch 27
08_v13_training_curves,training,Training/locked validation,Seed 1202,val_perceptual_si_sdr_improvement,8.006739231497049,checkpoints/v12/full/gru_matched_time1_seed1202/metrics.csv,Epoch 28
08_v13_training_curves,training,Training/locked validation,Seed 1202,val_perceptual_si_sdr_improvement,7.877000308185816,checkpoints/v12/full/gru_matched_time1_seed1202/metrics.csv,Epoch 29
08_v13_training_curves,training,Training/locked validation,Seed 1202,val_perceptual_si_sdr_improvement,7.97103531613946,checkpoints/v12/full/gru_matched_time1_seed1202/metrics.csv,Epoch 30
08_v13_training_curves,training,Training/locked validation,Seed 1202,val_perceptual_si_sdr_improvement,8.009792647510768,checkpoints/v12/full/gru_matched_time1_seed1202/metrics.csv,Epoch 31
08_v13_training_curves,training,Training/locked validation,Seed 1202,val_perceptual_si_sdr_improvement,7.968091423660517,checkpoints/v12/full/gru_matched_time1_seed1202/metrics.csv,Epoch 32
08_v13_training_curves,training,Training/locked validation,Seed 1202,val_perceptual_si_sdr_improvement,7.981816277652979,checkpoints/v12/full/gru_matched_time1_seed1202/metrics.csv,Epoch 33
08_v13_training_curves,training,Training/locked validation,Seed 1202,val_perceptual_si_sdr_improvement,8.057143440395594,checkpoints/v12/full/gru_matched_time1_seed1202/metrics.csv,Epoch 34
08_v13_training_curves,training,Training/locked validation,Seed 1202,val_perceptual_si_sdr_improvement,8.041224751621485,checkpoints/v12/full/gru_matched_time1_seed1202/metrics.csv,Epoch 35
08_v13_training_curves,training,Training/locked validation,Seed 1202,val_perceptual_si_sdr_improvement,7.998782851845026,checkpoints/v12/full/gru_matched_time1_seed1202/metrics.csv,Epoch 36
08_v13_training_curves,training,Training/locked validation,Seed 1202,val_perceptual_si_sdr_improvement,8.036822593361139,checkpoints/v12/full/gru_matched_time1_seed1202/metrics.csv,Epoch 37
08_v13_training_curves,training,Training/locked validation,Seed 1202,val_perceptual_si_sdr_improvement,8.016964907795192,checkpoints/v12/full/gru_matched_time1_seed1202/metrics.csv,Epoch 38
08_v13_training_curves,training,Training/locked validation,Seed 1202,val_perceptual_si_sdr_improvement,8.037487268596887,checkpoints/v12/full/gru_matched_time1_seed1202/metrics.csv,Epoch 39
08_v13_training_curves,training,Training/locked validation,Seed 1202,val_perceptual_si_sdr_improvement,8.025622060447931,checkpoints/v12/full/gru_matched_time1_seed1202/metrics.csv,Epoch 40
09_v14_2_distillation_curves,training,Training/locked validation,Seed 1200,train_total,0.3476595165083805,checkpoints/v14/distillation/mag_005/metrics.csv,Epoch 1
09_v14_2_distillation_curves,training,Training/locked validation,Seed 1200,train_total,0.35803820874542,checkpoints/v14/distillation/mag_005/metrics.csv,Epoch 2
09_v14_2_distillation_curves,training,Training/locked validation,Seed 1200,train_total,0.3554403313249349,checkpoints/v14/distillation/mag_005/metrics.csv,Epoch 3
09_v14_2_distillation_curves,training,Training/locked validation,Seed 1200,train_total,0.353878978350355,checkpoints/v14/distillation/mag_005/metrics.csv,Epoch 4
09_v14_2_distillation_curves,training,Training/locked validation,Seed 1201,train_total,0.3567524913077553,checkpoints/v14/distillation/mag_005_seed1201_fixed_epoch3/metrics.csv,Epoch 1
09_v14_2_distillation_curves,training,Training/locked validation,Seed 1201,train_total,0.3535465299338102,checkpoints/v14/distillation/mag_005_seed1201_fixed_epoch3/metrics.csv,Epoch 2
09_v14_2_distillation_curves,training,Training/locked validation,Seed 1201,train_total,0.3574868506441513,checkpoints/v14/distillation/mag_005_seed1201_fixed_epoch3/metrics.csv,Epoch 3
09_v14_2_distillation_curves,training,Training/locked validation,Seed 1202,train_total,0.3578054169441262,checkpoints/v14/distillation/mag_005_seed1202_fixed_epoch3/metrics.csv,Epoch 1
09_v14_2_distillation_curves,training,Training/locked validation,Seed 1202,train_total,0.3495926524202029,checkpoints/v14/distillation/mag_005_seed1202_fixed_epoch3/metrics.csv,Epoch 2
09_v14_2_distillation_curves,training,Training/locked validation,Seed 1202,train_total,0.3569999720404545,checkpoints/v14/distillation/mag_005_seed1202_fixed_epoch3/metrics.csv,Epoch 3
09_v14_2_distillation_curves,training,Training/locked validation,Seed 1200,val_total,0.365254639685154,checkpoints/v14/distillation/mag_005/metrics.csv,Epoch 1
09_v14_2_distillation_curves,training,Training/locked validation,Seed 1200,val_total,0.3758875465393066,checkpoints/v14/distillation/mag_005/metrics.csv,Epoch 2
09_v14_2_distillation_curves,training,Training/locked validation,Seed 1200,val_total,0.3735583233833313,checkpoints/v14/distillation/mag_005/metrics.csv,Epoch 3
09_v14_2_distillation_curves,training,Training/locked validation,Seed 1200,val_total,0.3773518186807632,checkpoints/v14/distillation/mag_005/metrics.csv,Epoch 4
09_v14_2_distillation_curves,training,Training/locked validation,Seed 1201,val_total,0.3646721985936165,checkpoints/v14/distillation/mag_005_seed1201_fixed_epoch3/metrics.csv,Epoch 1
09_v14_2_distillation_curves,training,Training/locked validation,Seed 1201,val_total,0.3759826606512069,checkpoints/v14/distillation/mag_005_seed1201_fixed_epoch3/metrics.csv,Epoch 2
09_v14_2_distillation_curves,training,Training/locked validation,Seed 1201,val_total,0.3781705838441849,checkpoints/v14/distillation/mag_005_seed1201_fixed_epoch3/metrics.csv,Epoch 3
09_v14_2_distillation_curves,training,Training/locked validation,Seed 1202,val_total,0.3650129342079162,checkpoints/v14/distillation/mag_005_seed1202_fixed_epoch3/metrics.csv,Epoch 1
09_v14_2_distillation_curves,training,Training/locked validation,Seed 1202,val_total,0.3770945298671722,checkpoints/v14/distillation/mag_005_seed1202_fixed_epoch3/metrics.csv,Epoch 2
09_v14_2_distillation_curves,training,Training/locked validation,Seed 1202,val_total,0.3743999272584915,checkpoints/v14/distillation/mag_005_seed1202_fixed_epoch3/metrics.csv,Epoch 3
09_v14_2_distillation_curves,training,Training/locked validation,Seed 1200,val_supervised,0.3520591446757317,checkpoints/v14/distillation/mag_005/metrics.csv,Epoch 1
09_v14_2_distillation_curves,training,Training/locked validation,Seed 1200,val_supervised,0.3539420482516289,checkpoints/v14/distillation/mag_005/metrics.csv,Epoch 2
09_v14_2_distillation_curves,training,Training/locked validation,Seed 1200,val_supervised,0.3533732068538666,checkpoints/v14/distillation/mag_005/metrics.csv,Epoch 3
09_v14_2_distillation_curves,training,Training/locked validation,Seed 1200,val_supervised,0.3593520656228065,checkpoints/v14/distillation/mag_005/metrics.csv,Epoch 4
09_v14_2_distillation_curves,training,Training/locked validation,Seed 1201,val_supervised,0.3528463694453239,checkpoints/v14/distillation/mag_005_seed1201_fixed_epoch3/metrics.csv,Epoch 1
09_v14_2_distillation_curves,training,Training/locked validation,Seed 1201,val_supervised,0.3548593896627426,checkpoints/v14/distillation/mag_005_seed1201_fixed_epoch3/metrics.csv,Epoch 2
09_v14_2_distillation_curves,training,Training/locked validation,Seed 1201,val_supervised,0.3555677342414856,checkpoints/v14/distillation/mag_005_seed1201_fixed_epoch3/metrics.csv,Epoch 3
09_v14_2_distillation_curves,training,Training/locked validation,Seed 1202,val_supervised,0.3501421573758125,checkpoints/v14/distillation/mag_005_seed1202_fixed_epoch3/metrics.csv,Epoch 1
09_v14_2_distillation_curves,training,Training/locked validation,Seed 1202,val_supervised,0.3557253938913345,checkpoints/v14/distillation/mag_005_seed1202_fixed_epoch3/metrics.csv,Epoch 2
09_v14_2_distillation_curves,training,Training/locked validation,Seed 1202,val_supervised,0.3537400764226913,checkpoints/v14/distillation/mag_005_seed1202_fixed_epoch3/metrics.csv,Epoch 3
09_v14_2_distillation_curves,training,Training/locked validation,Seed 1200,val_distilled_total,0.0131954978220164,checkpoints/v14/distillation/mag_005/metrics.csv,Epoch 1
09_v14_2_distillation_curves,training,Training/locked validation,Seed 1200,val_distilled_total,0.0219454988278448,checkpoints/v14/distillation/mag_005/metrics.csv,Epoch 2
09_v14_2_distillation_curves,training,Training/locked validation,Seed 1200,val_distilled_total,0.0201851195655763,checkpoints/v14/distillation/mag_005/metrics.csv,Epoch 3
09_v14_2_distillation_curves,training,Training/locked validation,Seed 1200,val_distilled_total,0.0179997511580586,checkpoints/v14/distillation/mag_005/metrics.csv,Epoch 4
09_v14_2_distillation_curves,training,Training/locked validation,Seed 1201,val_distilled_total,0.0118258289527148,checkpoints/v14/distillation/mag_005_seed1201_fixed_epoch3/metrics.csv,Epoch 1
09_v14_2_distillation_curves,training,Training/locked validation,Seed 1201,val_distilled_total,0.0211232719756662,checkpoints/v14/distillation/mag_005_seed1201_fixed_epoch3/metrics.csv,Epoch 2
09_v14_2_distillation_curves,training,Training/locked validation,Seed 1201,val_distilled_total,0.0226028499566018,checkpoints/v14/distillation/mag_005_seed1201_fixed_epoch3/metrics.csv,Epoch 3
09_v14_2_distillation_curves,training,Training/locked validation,Seed 1202,val_distilled_total,0.0148707786947488,checkpoints/v14/distillation/mag_005_seed1202_fixed_epoch3/metrics.csv,Epoch 1
09_v14_2_distillation_curves,training,Training/locked validation,Seed 1202,val_distilled_total,0.0213691381737589,checkpoints/v14/distillation/mag_005_seed1202_fixed_epoch3/metrics.csv,Epoch 2
09_v14_2_distillation_curves,training,Training/locked validation,Seed 1202,val_distilled_total,0.0206598496250808,checkpoints/v14/distillation/mag_005_seed1202_fixed_epoch3/metrics.csv,Epoch 3
09_v14_2_distillation_curves,training,Training/locked validation,Seed 1200,val_compressed_complex,0.0466424601525068,checkpoints/v14/distillation/mag_005/metrics.csv,Epoch 1
09_v14_2_distillation_curves,training,Training/locked validation,Seed 1200,val_compressed_complex,0.0435183494538068,checkpoints/v14/distillation/mag_005/metrics.csv,Epoch 2
09_v14_2_distillation_curves,training,Training/locked validation,Seed 1200,val_compressed_complex,0.0425857687741518,checkpoints/v14/distillation/mag_005/metrics.csv,Epoch 3
09_v14_2_distillation_curves,training,Training/locked validation,Seed 1200,val_compressed_complex,0.0415612138062715,checkpoints/v14/distillation/mag_005/metrics.csv,Epoch 4
09_v14_2_distillation_curves,training,Training/locked validation,Seed 1201,val_compressed_complex,0.0452193849533796,checkpoints/v14/distillation/mag_005_seed1201_fixed_epoch3/metrics.csv,Epoch 1
09_v14_2_distillation_curves,training,Training/locked validation,Seed 1201,val_compressed_complex,0.0431472818553447,checkpoints/v14/distillation/mag_005_seed1201_fixed_epoch3/metrics.csv,Epoch 2
09_v14_2_distillation_curves,training,Training/locked validation,Seed 1201,val_compressed_complex,0.0442183873802423,checkpoints/v14/distillation/mag_005_seed1201_fixed_epoch3/metrics.csv,Epoch 3
09_v14_2_distillation_curves,training,Training/locked validation,Seed 1202,val_compressed_complex,0.0478172745555639,checkpoints/v14/distillation/mag_005_seed1202_fixed_epoch3/metrics.csv,Epoch 1
09_v14_2_distillation_curves,training,Training/locked validation,Seed 1202,val_compressed_complex,0.0433814415335655,checkpoints/v14/distillation/mag_005_seed1202_fixed_epoch3/metrics.csv,Epoch 2
09_v14_2_distillation_curves,training,Training/locked validation,Seed 1202,val_compressed_complex,0.0431549887359142,checkpoints/v14/distillation/mag_005_seed1202_fixed_epoch3/metrics.csv,Epoch 3
09_v14_2_distillation_curves,training,Training/locked validation,Seed 1200,val_log_magnitude,0.527819904088974,checkpoints/v14/distillation/mag_005/metrics.csv,Epoch 1
09_v14_2_distillation_curves,training,Training/locked validation,Seed 1200,val_log_magnitude,0.4389099687337875,checkpoints/v14/distillation/mag_005/metrics.csv,Epoch 2
09_v14_2_distillation_curves,training,Training/locked validation,Seed 1200,val_log_magnitude,0.4037023848295212,checkpoints/v14/distillation/mag_005/metrics.csv,Epoch 3
09_v14_2_distillation_curves,training,Training/locked validation,Seed 1200,val_log_magnitude,0.3599950194358826,checkpoints/v14/distillation/mag_005/metrics.csv,Epoch 4
09_v14_2_distillation_curves,training,Training/locked validation,Seed 1201,val_log_magnitude,0.4730331534147262,checkpoints/v14/distillation/mag_005_seed1201_fixed_epoch3/metrics.csv,Epoch 1
09_v14_2_distillation_curves,training,Training/locked validation,Seed 1201,val_log_magnitude,0.422465432882309,checkpoints/v14/distillation/mag_005_seed1201_fixed_epoch3/metrics.csv,Epoch 2
09_v14_2_distillation_curves,training,Training/locked validation,Seed 1201,val_log_magnitude,0.4520569944381714,checkpoints/v14/distillation/mag_005_seed1201_fixed_epoch3/metrics.csv,Epoch 3
09_v14_2_distillation_curves,training,Training/locked validation,Seed 1202,val_log_magnitude,0.5948311346769333,checkpoints/v14/distillation/mag_005_seed1202_fixed_epoch3/metrics.csv,Epoch 1
09_v14_2_distillation_curves,training,Training/locked validation,Seed 1202,val_log_magnitude,0.427382755279541,checkpoints/v14/distillation/mag_005_seed1202_fixed_epoch3/metrics.csv,Epoch 2
09_v14_2_distillation_curves,training,Training/locked validation,Seed 1202,val_log_magnitude,0.4131969887018203,checkpoints/v14/distillation/mag_005_seed1202_fixed_epoch3/metrics.csv,Epoch 3
10_controller_training_curves,training-domain calibration,Controller validation,R5,val_loss_total,2.587402679302074,checkpoints/v17/utility_safety_recipe5_seed17044/metrics.csv,Epoch 1
10_controller_training_curves,training-domain calibration,Controller validation,R5,val_loss_total,2.552758221273069,checkpoints/v17/utility_safety_recipe5_seed17044/metrics.csv,Epoch 2
10_controller_training_curves,training-domain calibration,Controller validation,R5,val_loss_total,2.5301567448510065,checkpoints/v17/utility_safety_recipe5_seed17044/metrics.csv,Epoch 3
10_controller_training_curves,training-domain calibration,Controller validation,R5,val_loss_total,2.4730240283189,checkpoints/v17/utility_safety_recipe5_seed17044/metrics.csv,Epoch 4
10_controller_training_curves,training-domain calibration,Controller validation,R5,val_loss_total,2.4528968864017062,checkpoints/v17/utility_safety_recipe5_seed17044/metrics.csv,Epoch 5
10_controller_training_curves,training-domain calibration,Controller validation,R5,val_loss_total,2.447594580826936,checkpoints/v17/utility_safety_recipe5_seed17044/metrics.csv,Epoch 6
10_controller_training_curves,training-domain calibration,Controller validation,R5,val_loss_total,2.438061352129336,checkpoints/v17/utility_safety_recipe5_seed17044/metrics.csv,Epoch 7
10_controller_training_curves,training-domain calibration,Controller validation,R5,val_loss_total,2.434368937103837,checkpoints/v17/utility_safety_recipe5_seed17044/metrics.csv,Epoch 8
10_controller_training_curves,training-domain calibration,Controller validation,R5b,val_loss_total,2.7240039507548013,checkpoints/v17/utility_safety_recipe5b_balanced_seed17045/metrics.csv,Epoch 1
10_controller_training_curves,training-domain calibration,Controller validation,R5b,val_loss_total,2.529950177228009,checkpoints/v17/utility_safety_recipe5b_balanced_seed17045/metrics.csv,Epoch 2
10_controller_training_curves,training-domain calibration,Controller validation,R5b,val_loss_total,2.497031467932242,checkpoints/v17/utility_safety_recipe5b_balanced_seed17045/metrics.csv,Epoch 3
10_controller_training_curves,training-domain calibration,Controller validation,R5b,val_loss_total,2.4017094152945058,checkpoints/v17/utility_safety_recipe5b_balanced_seed17045/metrics.csv,Epoch 4
10_controller_training_curves,training-domain calibration,Controller validation,R5b,val_loss_total,2.3551193873087564,checkpoints/v17/utility_safety_recipe5b_balanced_seed17045/metrics.csv,Epoch 5
10_controller_training_curves,training-domain calibration,Controller validation,R5b,val_loss_total,2.310098312519215,checkpoints/v17/utility_safety_recipe5b_balanced_seed17045/metrics.csv,Epoch 6
10_controller_training_curves,training-domain calibration,Controller validation,R5b,val_loss_total,2.326046996646457,checkpoints/v17/utility_safety_recipe5b_balanced_seed17045/metrics.csv,Epoch 7
10_controller_training_curves,training-domain calibration,Controller validation,R5b,val_loss_total,2.308637672000461,checkpoints/v17/utility_safety_recipe5b_balanced_seed17045/metrics.csv,Epoch 8
10_controller_training_curves,training-domain calibration,Controller validation,R6,val_loss_total,2.28844420115153,checkpoints/v17/utility_safety_recipe6_statistics_seed17046/metrics.csv,Epoch 1
10_controller_training_curves,training-domain calibration,Controller validation,R6,val_loss_total,2.287955849258988,checkpoints/v17/utility_safety_recipe6_statistics_seed17046/metrics.csv,Epoch 2
10_controller_training_curves,training-domain calibration,Controller validation,R6,val_loss_total,2.240163070184213,checkpoints/v17/utility_safety_recipe6_statistics_seed17046/metrics.csv,Epoch 3
10_controller_training_curves,training-domain calibration,Controller validation,R6,val_loss_total,2.240426266634906,checkpoints/v17/utility_safety_recipe6_statistics_seed17046/metrics.csv,Epoch 4
10_controller_training_curves,training-domain calibration,Controller validation,R6,val_loss_total,2.218220273653666,checkpoints/v17/utility_safety_recipe6_statistics_seed17046/metrics.csv,Epoch 5
10_controller_training_curves,training-domain calibration,Controller validation,R6,val_loss_total,2.231088907630355,checkpoints/v17/utility_safety_recipe6_statistics_seed17046/metrics.csv,Epoch 6
10_controller_training_curves,training-domain calibration,Controller validation,R6,val_loss_total,2.224169448569969,checkpoints/v17/utility_safety_recipe6_statistics_seed17046/metrics.csv,Epoch 7
10_controller_training_curves,training-domain calibration,Controller validation,R6,val_loss_total,2.221728461760062,checkpoints/v17/utility_safety_recipe6_statistics_seed17046/metrics.csv,Epoch 8
10_controller_training_curves,training-domain calibration,Controller validation,R7a,val_loss_total,2.086467500086184,checkpoints/v17/utility_safety_recipe7a_burnin_seed17047/metrics.csv,Epoch 1
10_controller_training_curves,training-domain calibration,Controller validation,R7a,val_loss_total,2.081694417529636,checkpoints/v17/utility_safety_recipe7a_burnin_seed17047/metrics.csv,Epoch 2
10_controller_training_curves,training-domain calibration,Controller validation,R7a,val_loss_total,2.092488487561544,checkpoints/v17/utility_safety_recipe7a_burnin_seed17047/metrics.csv,Epoch 3
10_controller_training_curves,training-domain calibration,Controller validation,R7a,val_loss_total,2.0808969736099243,checkpoints/v17/utility_safety_recipe7a_burnin_seed17047/metrics.csv,Epoch 4
10_controller_training_curves,training-domain calibration,Controller validation,R7a,val_loss_total,2.0670588502177485,checkpoints/v17/utility_safety_recipe7a_burnin_seed17047/metrics.csv,Epoch 5
10_controller_training_curves,training-domain calibration,Controller validation,R7a,val_loss_total,2.0682483867362693,checkpoints/v17/utility_safety_recipe7a_burnin_seed17047/metrics.csv,Epoch 6
10_controller_training_curves,training-domain calibration,Controller validation,R7a,val_loss_total,2.068888827606484,checkpoints/v17/utility_safety_recipe7a_burnin_seed17047/metrics.csv,Epoch 7
10_controller_training_curves,training-domain calibration,Controller validation,R7a,val_loss_total,2.068635940551758,checkpoints/v17/utility_safety_recipe7a_burnin_seed17047/metrics.csv,Epoch 8
10_controller_training_curves,training-domain calibration,Controller validation,R7b,val_loss_total,2.419116620664244,checkpoints/v17/utility_safety_recipe7b_prefix_seed17048/metrics.csv,Epoch 1
10_controller_training_curves,training-domain calibration,Controller validation,R7b,val_loss_total,2.3758146630393133,checkpoints/v17/utility_safety_recipe7b_prefix_seed17048/metrics.csv,Epoch 2
10_controller_training_curves,training-domain calibration,Controller validation,R7b,val_loss_total,2.3746418246516474,checkpoints/v17/utility_safety_recipe7b_prefix_seed17048/metrics.csv,Epoch 3
10_controller_training_curves,training-domain calibration,Controller validation,R7b,val_loss_total,2.3705277575386896,checkpoints/v17/utility_safety_recipe7b_prefix_seed17048/metrics.csv,Epoch 4
10_controller_training_curves,training-domain calibration,Controller validation,R7b,val_loss_total,2.357312794084902,checkpoints/v17/utility_safety_recipe7b_prefix_seed17048/metrics.csv,Epoch 5
10_controller_training_curves,training-domain calibration,Controller validation,R7b,val_loss_total,2.3617373749061867,checkpoints/v17/utility_safety_recipe7b_prefix_seed17048/metrics.csv,Epoch 6
10_controller_training_curves,training-domain calibration,Controller validation,R7b,val_loss_total,2.356483322602731,checkpoints/v17/utility_safety_recipe7b_prefix_seed17048/metrics.csv,Epoch 7
10_controller_training_curves,training-domain calibration,Controller validation,R7b,val_loss_total,2.354263358645969,checkpoints/v17/utility_safety_recipe7b_prefix_seed17048/metrics.csv,Epoch 8
10_controller_training_curves,training-domain calibration,Controller validation,R8,val_loss_total,2.362597377211959,checkpoints/v18/utility_safety_recipe8_two_stage_seed18000/metrics.csv,Epoch 1
10_controller_training_curves,training-domain calibration,Controller validation,R8,val_loss_total,2.345687570395293,checkpoints/v18/utility_safety_recipe8_two_stage_seed18000/metrics.csv,Epoch 2
10_controller_training_curves,training-domain calibration,Controller validation,R8,val_loss_total,2.356948481665717,checkpoints/v18/utility_safety_recipe8_two_stage_seed18000/metrics.csv,Epoch 3
10_controller_training_curves,training-domain calibration,Controller validation,R8,val_loss_total,2.341457137355098,checkpoints/v18/utility_safety_recipe8_two_stage_seed18000/metrics.csv,Epoch 4
10_controller_training_curves,training-domain calibration,Controller validation,R8,val_loss_total,2.349428485941004,checkpoints/v18/utility_safety_recipe8_two_stage_seed18000/metrics.csv,Epoch 5
10_controller_training_curves,training-domain calibration,Controller validation,R8,val_loss_total,2.335943169063992,checkpoints/v18/utility_safety_recipe8_two_stage_seed18000/metrics.csv,Epoch 6
10_controller_training_curves,training-domain calibration,Controller validation,R8,val_loss_total,2.3338151816968566,checkpoints/v18/utility_safety_recipe8_two_stage_seed18000/metrics.csv,Epoch 7
10_controller_training_curves,training-domain calibration,Controller validation,R8,val_loss_total,2.333599744019685,checkpoints/v18/utility_safety_recipe8_two_stage_seed18000/metrics.csv,Epoch 8
10_controller_training_curves,training-domain calibration,Controller validation,R5,val_loss_gate_utility,1.4295443892478945,checkpoints/v17/utility_safety_recipe5_seed17044/metrics.csv,Epoch 1
10_controller_training_curves,training-domain calibration,Controller validation,R5,val_loss_gate_utility,1.294094525001667,checkpoints/v17/utility_safety_recipe5_seed17044/metrics.csv,Epoch 2
10_controller_training_curves,training-domain calibration,Controller validation,R5,val_loss_gate_utility,1.24511675702201,checkpoints/v17/utility_safety_recipe5_seed17044/metrics.csv,Epoch 3
10_controller_training_curves,training-domain calibration,Controller validation,R5,val_loss_gate_utility,1.223969872351046,checkpoints/v17/utility_safety_recipe5_seed17044/metrics.csv,Epoch 4
10_controller_training_curves,training-domain calibration,Controller validation,R5,val_loss_gate_utility,1.204495107686078,checkpoints/v17/utility_safety_recipe5_seed17044/metrics.csv,Epoch 5
10_controller_training_curves,training-domain calibration,Controller validation,R5,val_loss_gate_utility,1.1962159982434026,checkpoints/v17/utility_safety_recipe5_seed17044/metrics.csv,Epoch 6
10_controller_training_curves,training-domain calibration,Controller validation,R5,val_loss_gate_utility,1.1917575509459883,checkpoints/v17/utility_safety_recipe5_seed17044/metrics.csv,Epoch 7
10_controller_training_curves,training-domain calibration,Controller validation,R5,val_loss_gate_utility,1.1900580083882366,checkpoints/v17/utility_safety_recipe5_seed17044/metrics.csv,Epoch 8
10_controller_training_curves,training-domain calibration,Controller validation,R5b,val_loss_gate_utility,1.586805683595163,checkpoints/v17/utility_safety_recipe5b_balanced_seed17045/metrics.csv,Epoch 1
10_controller_training_curves,training-domain calibration,Controller validation,R5b,val_loss_gate_utility,1.4696849010608817,checkpoints/v17/utility_safety_recipe5b_balanced_seed17045/metrics.csv,Epoch 2
10_controller_training_curves,training-domain calibration,Controller validation,R5b,val_loss_gate_utility,1.4014090100924177,checkpoints/v17/utility_safety_recipe5b_balanced_seed17045/metrics.csv,Epoch 3
10_controller_training_curves,training-domain calibration,Controller validation,R5b,val_loss_gate_utility,1.34137847688463,checkpoints/v17/utility_safety_recipe5b_balanced_seed17045/metrics.csv,Epoch 4
10_controller_training_curves,training-domain calibration,Controller validation,R5b,val_loss_gate_utility,1.3238997525639005,checkpoints/v17/utility_safety_recipe5b_balanced_seed17045/metrics.csv,Epoch 5
10_controller_training_curves,training-domain calibration,Controller validation,R5b,val_loss_gate_utility,1.3015173187962286,checkpoints/v17/utility_safety_recipe5b_balanced_seed17045/metrics.csv,Epoch 6
10_controller_training_curves,training-domain calibration,Controller validation,R5b,val_loss_gate_utility,1.3102513662091009,checkpoints/v17/utility_safety_recipe5b_balanced_seed17045/metrics.csv,Epoch 7
10_controller_training_curves,training-domain calibration,Controller validation,R5b,val_loss_gate_utility,1.303412636121114,checkpoints/v17/utility_safety_recipe5b_balanced_seed17045/metrics.csv,Epoch 8
10_controller_training_curves,training-domain calibration,Controller validation,R6,val_loss_gate_utility,1.274594304738221,checkpoints/v17/utility_safety_recipe6_statistics_seed17046/metrics.csv,Epoch 1
10_controller_training_curves,training-domain calibration,Controller validation,R6,val_loss_gate_utility,1.2775447876365096,checkpoints/v17/utility_safety_recipe6_statistics_seed17046/metrics.csv,Epoch 2
10_controller_training_curves,training-domain calibration,Controller validation,R6,val_loss_gate_utility,1.2510817139237016,checkpoints/v17/utility_safety_recipe6_statistics_seed17046/metrics.csv,Epoch 3
10_controller_training_curves,training-domain calibration,Controller validation,R6,val_loss_gate_utility,1.250198640205242,checkpoints/v17/utility_safety_recipe6_statistics_seed17046/metrics.csv,Epoch 4
10_controller_training_curves,training-domain calibration,Controller validation,R6,val_loss_gate_utility,1.2380384427529794,checkpoints/v17/utility_safety_recipe6_statistics_seed17046/metrics.csv,Epoch 5
10_controller_training_curves,training-domain calibration,Controller validation,R6,val_loss_gate_utility,1.233483976787991,checkpoints/v17/utility_safety_recipe6_statistics_seed17046/metrics.csv,Epoch 6
10_controller_training_curves,training-domain calibration,Controller validation,R6,val_loss_gate_utility,1.2375609035845156,checkpoints/v17/utility_safety_recipe6_statistics_seed17046/metrics.csv,Epoch 7
10_controller_training_curves,training-domain calibration,Controller validation,R6,val_loss_gate_utility,1.2365838421715631,checkpoints/v17/utility_safety_recipe6_statistics_seed17046/metrics.csv,Epoch 8
10_controller_training_curves,training-domain calibration,Controller validation,R7a,val_loss_gate_utility,1.163758463329739,checkpoints/v17/utility_safety_recipe7a_burnin_seed17047/metrics.csv,Epoch 1
10_controller_training_curves,training-domain calibration,Controller validation,R7a,val_loss_gate_utility,1.1615741341202348,checkpoints/v17/utility_safety_recipe7a_burnin_seed17047/metrics.csv,Epoch 2
10_controller_training_curves,training-domain calibration,Controller validation,R7a,val_loss_gate_utility,1.144149170981513,checkpoints/v17/utility_safety_recipe7a_burnin_seed17047/metrics.csv,Epoch 3
10_controller_training_curves,training-domain calibration,Controller validation,R7a,val_loss_gate_utility,1.147184137944822,checkpoints/v17/utility_safety_recipe7a_burnin_seed17047/metrics.csv,Epoch 4
10_controller_training_curves,training-domain calibration,Controller validation,R7a,val_loss_gate_utility,1.1454866462283664,checkpoints/v17/utility_safety_recipe7a_burnin_seed17047/metrics.csv,Epoch 5
10_controller_training_curves,training-domain calibration,Controller validation,R7a,val_loss_gate_utility,1.1392313970459833,checkpoints/v17/utility_safety_recipe7a_burnin_seed17047/metrics.csv,Epoch 6
10_controller_training_curves,training-domain calibration,Controller validation,R7a,val_loss_gate_utility,1.1428555890365883,checkpoints/v17/utility_safety_recipe7a_burnin_seed17047/metrics.csv,Epoch 7
10_controller_training_curves,training-domain calibration,Controller validation,R7a,val_loss_gate_utility,1.1414637918825503,checkpoints/v17/utility_safety_recipe7a_burnin_seed17047/metrics.csv,Epoch 8
10_controller_training_curves,training-domain calibration,Controller validation,R7b,val_loss_gate_utility,1.4677952969515766,checkpoints/v17/utility_safety_recipe7b_prefix_seed17048/metrics.csv,Epoch 1
10_controller_training_curves,training-domain calibration,Controller validation,R7b,val_loss_gate_utility,1.4493785588829606,checkpoints/v17/utility_safety_recipe7b_prefix_seed17048/metrics.csv,Epoch 2
10_controller_training_curves,training-domain calibration,Controller validation,R7b,val_loss_gate_utility,1.4536826743019953,checkpoints/v17/utility_safety_recipe7b_prefix_seed17048/metrics.csv,Epoch 3
10_controller_training_curves,training-domain calibration,Controller validation,R7b,val_loss_gate_utility,1.4470394474488717,checkpoints/v17/utility_safety_recipe7b_prefix_seed17048/metrics.csv,Epoch 4
10_controller_training_curves,training-domain calibration,Controller validation,R7b,val_loss_gate_utility,1.4427161790706493,checkpoints/v17/utility_safety_recipe7b_prefix_seed17048/metrics.csv,Epoch 5
10_controller_training_curves,training-domain calibration,Controller validation,R7b,val_loss_gate_utility,1.4418661263253951,checkpoints/v17/utility_safety_recipe7b_prefix_seed17048/metrics.csv,Epoch 6
10_controller_training_curves,training-domain calibration,Controller validation,R7b,val_loss_gate_utility,1.4413441397525646,checkpoints/v17/utility_safety_recipe7b_prefix_seed17048/metrics.csv,Epoch 7
10_controller_training_curves,training-domain calibration,Controller validation,R7b,val_loss_gate_utility,1.4409793858174924,checkpoints/v17/utility_safety_recipe7b_prefix_seed17048/metrics.csv,Epoch 8
10_controller_training_curves,training-domain calibration,Controller validation,R8,val_loss_gate_utility,1.445459975136651,checkpoints/v18/utility_safety_recipe8_two_stage_seed18000/metrics.csv,Epoch 1
10_controller_training_curves,training-domain calibration,Controller validation,R8,val_loss_gate_utility,1.4374978100811993,checkpoints/v18/utility_safety_recipe8_two_stage_seed18000/metrics.csv,Epoch 2
10_controller_training_curves,training-domain calibration,Controller validation,R8,val_loss_gate_utility,1.439988010459476,checkpoints/v18/utility_safety_recipe8_two_stage_seed18000/metrics.csv,Epoch 3
10_controller_training_curves,training-domain calibration,Controller validation,R8,val_loss_gate_utility,1.4295743328553658,checkpoints/v18/utility_safety_recipe8_two_stage_seed18000/metrics.csv,Epoch 4
10_controller_training_curves,training-domain calibration,Controller validation,R8,val_loss_gate_utility,1.4303368948124071,checkpoints/v18/utility_safety_recipe8_two_stage_seed18000/metrics.csv,Epoch 5
10_controller_training_curves,training-domain calibration,Controller validation,R8,val_loss_gate_utility,1.4252095619837444,checkpoints/v18/utility_safety_recipe8_two_stage_seed18000/metrics.csv,Epoch 6
10_controller_training_curves,training-domain calibration,Controller validation,R8,val_loss_gate_utility,1.4253708499449271,checkpoints/v18/utility_safety_recipe8_two_stage_seed18000/metrics.csv,Epoch 7
10_controller_training_curves,training-domain calibration,Controller validation,R8,val_loss_gate_utility,1.4245222255035683,checkpoints/v18/utility_safety_recipe8_two_stage_seed18000/metrics.csv,Epoch 8
10_controller_training_curves,training-domain calibration,Controller validation,R5,val_loss_gate_violation,0.701380987962087,checkpoints/v17/utility_safety_recipe5_seed17044/metrics.csv,Epoch 1
10_controller_training_curves,training-domain calibration,Controller validation,R5,val_loss_gate_violation,0.7047585050264994,checkpoints/v17/utility_safety_recipe5_seed17044/metrics.csv,Epoch 2
10_controller_training_curves,training-domain calibration,Controller validation,R5,val_loss_gate_violation,0.7079479297002157,checkpoints/v17/utility_safety_recipe5_seed17044/metrics.csv,Epoch 3
10_controller_training_curves,training-domain calibration,Controller validation,R5,val_loss_gate_violation,0.7116846000706708,checkpoints/v17/utility_safety_recipe5_seed17044/metrics.csv,Epoch 4
10_controller_training_curves,training-domain calibration,Controller validation,R5,val_loss_gate_violation,0.7122434554276643,checkpoints/v17/utility_safety_recipe5_seed17044/metrics.csv,Epoch 5
10_controller_training_curves,training-domain calibration,Controller validation,R5,val_loss_gate_violation,0.7124178321273239,checkpoints/v17/utility_safety_recipe5_seed17044/metrics.csv,Epoch 6
10_controller_training_curves,training-domain calibration,Controller validation,R5,val_loss_gate_violation,0.7124168453393159,checkpoints/v17/utility_safety_recipe5_seed17044/metrics.csv,Epoch 7
10_controller_training_curves,training-domain calibration,Controller validation,R5,val_loss_gate_violation,0.712215209448779,checkpoints/v17/utility_safety_recipe5_seed17044/metrics.csv,Epoch 8
10_controller_training_curves,training-domain calibration,Controller validation,R5b,val_loss_gate_violation,0.7080652084615495,checkpoints/v17/utility_safety_recipe5b_balanced_seed17045/metrics.csv,Epoch 1
10_controller_training_curves,training-domain calibration,Controller validation,R5b,val_loss_gate_violation,0.6992260703334102,checkpoints/v17/utility_safety_recipe5b_balanced_seed17045/metrics.csv,Epoch 2
10_controller_training_curves,training-domain calibration,Controller validation,R5b,val_loss_gate_violation,0.695522858036889,checkpoints/v17/utility_safety_recipe5b_balanced_seed17045/metrics.csv,Epoch 3
10_controller_training_curves,training-domain calibration,Controller validation,R5b,val_loss_gate_violation,0.6889715448573783,checkpoints/v17/utility_safety_recipe5b_balanced_seed17045/metrics.csv,Epoch 4
10_controller_training_curves,training-domain calibration,Controller validation,R5b,val_loss_gate_violation,0.6866062438046491,checkpoints/v17/utility_safety_recipe5b_balanced_seed17045/metrics.csv,Epoch 5
10_controller_training_curves,training-domain calibration,Controller validation,R5b,val_loss_gate_violation,0.6831297234252647,checkpoints/v17/utility_safety_recipe5b_balanced_seed17045/metrics.csv,Epoch 6
10_controller_training_curves,training-domain calibration,Controller validation,R5b,val_loss_gate_violation,0.6839884133250625,checkpoints/v17/utility_safety_recipe5b_balanced_seed17045/metrics.csv,Epoch 7
10_controller_training_curves,training-domain calibration,Controller validation,R5b,val_loss_gate_violation,0.6829049211961252,checkpoints/v17/utility_safety_recipe5b_balanced_seed17045/metrics.csv,Epoch 8
10_controller_training_curves,training-domain calibration,Controller validation,R6,val_loss_gate_violation,0.6824319517170941,checkpoints/v17/utility_safety_recipe6_statistics_seed17046/metrics.csv,Epoch 1
10_controller_training_curves,training-domain calibration,Controller validation,R6,val_loss_gate_violation,0.6822396847936842,checkpoints/v17/utility_safety_recipe6_statistics_seed17046/metrics.csv,Epoch 2
10_controller_training_curves,training-domain calibration,Controller validation,R6,val_loss_gate_violation,0.6779009898503622,checkpoints/v17/utility_safety_recipe6_statistics_seed17046/metrics.csv,Epoch 3
10_controller_training_curves,training-domain calibration,Controller validation,R6,val_loss_gate_violation,0.675817945489177,checkpoints/v17/utility_safety_recipe6_statistics_seed17046/metrics.csv,Epoch 4
10_controller_training_curves,training-domain calibration,Controller validation,R6,val_loss_gate_violation,0.6745124083978159,checkpoints/v17/utility_safety_recipe6_statistics_seed17046/metrics.csv,Epoch 5
10_controller_training_curves,training-domain calibration,Controller validation,R6,val_loss_gate_violation,0.676153008584623,checkpoints/v17/utility_safety_recipe6_statistics_seed17046/metrics.csv,Epoch 6
10_controller_training_curves,training-domain calibration,Controller validation,R6,val_loss_gate_violation,0.6751528393339228,checkpoints/v17/utility_safety_recipe6_statistics_seed17046/metrics.csv,Epoch 7
10_controller_training_curves,training-domain calibration,Controller validation,R6,val_loss_gate_violation,0.6744666033320956,checkpoints/v17/utility_safety_recipe6_statistics_seed17046/metrics.csv,Epoch 8
10_controller_training_curves,training-domain calibration,Controller validation,R7a,val_loss_gate_violation,0.6644100458533676,checkpoints/v17/utility_safety_recipe7a_burnin_seed17047/metrics.csv,Epoch 1
10_controller_training_curves,training-domain calibration,Controller validation,R7a,val_loss_gate_violation,0.6622302543233942,checkpoints/v17/utility_safety_recipe7a_burnin_seed17047/metrics.csv,Epoch 2
10_controller_training_curves,training-domain calibration,Controller validation,R7a,val_loss_gate_violation,0.662295694704409,checkpoints/v17/utility_safety_recipe7a_burnin_seed17047/metrics.csv,Epoch 3
10_controller_training_curves,training-domain calibration,Controller validation,R7a,val_loss_gate_violation,0.6606989591209976,checkpoints/v17/utility_safety_recipe7a_burnin_seed17047/metrics.csv,Epoch 4
10_controller_training_curves,training-domain calibration,Controller validation,R7a,val_loss_gate_violation,0.659682630388825,checkpoints/v17/utility_safety_recipe7a_burnin_seed17047/metrics.csv,Epoch 5
10_controller_training_curves,training-domain calibration,Controller validation,R7a,val_loss_gate_violation,0.6589138993510494,checkpoints/v17/utility_safety_recipe7a_burnin_seed17047/metrics.csv,Epoch 6
10_controller_training_curves,training-domain calibration,Controller validation,R7a,val_loss_gate_violation,0.6592707755389037,checkpoints/v17/utility_safety_recipe7a_burnin_seed17047/metrics.csv,Epoch 7
10_controller_training_curves,training-domain calibration,Controller validation,R7a,val_loss_gate_violation,0.6593669299726133,checkpoints/v17/utility_safety_recipe7a_burnin_seed17047/metrics.csv,Epoch 8
10_controller_training_curves,training-domain calibration,Controller validation,R7b,val_loss_gate_violation,0.7477407543747513,checkpoints/v17/utility_safety_recipe7b_prefix_seed17048/metrics.csv,Epoch 1
10_controller_training_curves,training-domain calibration,Controller validation,R7b,val_loss_gate_violation,0.7457852275283249,checkpoints/v17/utility_safety_recipe7b_prefix_seed17048/metrics.csv,Epoch 2
10_controller_training_curves,training-domain calibration,Controller validation,R7b,val_loss_gate_violation,0.7475073999828763,checkpoints/v17/utility_safety_recipe7b_prefix_seed17048/metrics.csv,Epoch 3
10_controller_training_curves,training-domain calibration,Controller validation,R7b,val_loss_gate_violation,0.7440714438756307,checkpoints/v17/utility_safety_recipe7b_prefix_seed17048/metrics.csv,Epoch 4
10_controller_training_curves,training-domain calibration,Controller validation,R7b,val_loss_gate_violation,0.7443917217078032,checkpoints/v17/utility_safety_recipe7b_prefix_seed17048/metrics.csv,Epoch 5
10_controller_training_curves,training-domain calibration,Controller validation,R7b,val_loss_gate_violation,0.7457633040569447,checkpoints/v17/utility_safety_recipe7b_prefix_seed17048/metrics.csv,Epoch 6
10_controller_training_curves,training-domain calibration,Controller validation,R7b,val_loss_gate_violation,0.7447842558224996,checkpoints/v17/utility_safety_recipe7b_prefix_seed17048/metrics.csv,Epoch 7
10_controller_training_curves,training-domain calibration,Controller validation,R7b,val_loss_gate_violation,0.7443422697208546,checkpoints/v17/utility_safety_recipe7b_prefix_seed17048/metrics.csv,Epoch 8
10_controller_training_curves,training-domain calibration,Controller validation,R8,val_loss_gate_violation,0.7452362135604575,checkpoints/v18/utility_safety_recipe8_two_stage_seed18000/metrics.csv,Epoch 1
10_controller_training_curves,training-domain calibration,Controller validation,R8,val_loss_gate_violation,0.745597137345208,checkpoints/v18/utility_safety_recipe8_two_stage_seed18000/metrics.csv,Epoch 2
10_controller_training_curves,training-domain calibration,Controller validation,R8,val_loss_gate_violation,0.7440729781433388,checkpoints/v18/utility_safety_recipe8_two_stage_seed18000/metrics.csv,Epoch 3
10_controller_training_curves,training-domain calibration,Controller validation,R8,val_loss_gate_violation,0.7403425309393141,checkpoints/v18/utility_safety_recipe8_two_stage_seed18000/metrics.csv,Epoch 4
10_controller_training_curves,training-domain calibration,Controller validation,R8,val_loss_gate_violation,0.7413543219919558,checkpoints/v18/utility_safety_recipe8_two_stage_seed18000/metrics.csv,Epoch 5
10_controller_training_curves,training-domain calibration,Controller validation,R8,val_loss_gate_violation,0.7415665255652534,checkpoints/v18/utility_safety_recipe8_two_stage_seed18000/metrics.csv,Epoch 6
10_controller_training_curves,training-domain calibration,Controller validation,R8,val_loss_gate_violation,0.7417596401991667,checkpoints/v18/utility_safety_recipe8_two_stage_seed18000/metrics.csv,Epoch 7
10_controller_training_curves,training-domain calibration,Controller validation,R8,val_loss_gate_violation,0.7421774466832479,checkpoints/v18/utility_safety_recipe8_two_stage_seed18000/metrics.csv,Epoch 8
10_controller_training_curves,training-domain calibration,Controller validation,R5,val_loss_gate_feasibility,0.6133873683434946,checkpoints/v17/utility_safety_recipe5_seed17044/metrics.csv,Epoch 1
10_controller_training_curves,training-domain calibration,Controller validation,R5,val_loss_gate_feasibility,0.5976375032354284,checkpoints/v17/utility_safety_recipe5_seed17044/metrics.csv,Epoch 2
10_controller_training_curves,training-domain calibration,Controller validation,R5,val_loss_gate_feasibility,0.5932428075207604,checkpoints/v17/utility_safety_recipe5_seed17044/metrics.csv,Epoch 3
10_controller_training_curves,training-domain calibration,Controller validation,R5,val_loss_gate_feasibility,0.5920989557548806,checkpoints/v17/utility_safety_recipe5_seed17044/metrics.csv,Epoch 4
10_controller_training_curves,training-domain calibration,Controller validation,R5,val_loss_gate_feasibility,0.5904807006871259,checkpoints/v17/utility_safety_recipe5_seed17044/metrics.csv,Epoch 5
10_controller_training_curves,training-domain calibration,Controller validation,R5,val_loss_gate_feasibility,0.5897622649316434,checkpoints/v17/utility_safety_recipe5_seed17044/metrics.csv,Epoch 6
10_controller_training_curves,training-domain calibration,Controller validation,R5,val_loss_gate_feasibility,0.5895251797305213,checkpoints/v17/utility_safety_recipe5_seed17044/metrics.csv,Epoch 7
10_controller_training_curves,training-domain calibration,Controller validation,R5,val_loss_gate_feasibility,0.5891807642247942,checkpoints/v17/utility_safety_recipe5_seed17044/metrics.csv,Epoch 8
10_controller_training_curves,training-domain calibration,Controller validation,R5b,val_loss_gate_feasibility,0.6520132886038886,checkpoints/v17/utility_safety_recipe5b_balanced_seed17045/metrics.csv,Epoch 1
10_controller_training_curves,training-domain calibration,Controller validation,R5b,val_loss_gate_feasibility,0.624019565405669,checkpoints/v17/utility_safety_recipe5b_balanced_seed17045/metrics.csv,Epoch 2
10_controller_training_curves,training-domain calibration,Controller validation,R5b,val_loss_gate_feasibility,0.6128012824941564,checkpoints/v17/utility_safety_recipe5b_balanced_seed17045/metrics.csv,Epoch 3
10_controller_training_curves,training-domain calibration,Controller validation,R5b,val_loss_gate_feasibility,0.5994503100713094,checkpoints/v17/utility_safety_recipe5b_balanced_seed17045/metrics.csv,Epoch 4
10_controller_training_curves,training-domain calibration,Controller validation,R5b,val_loss_gate_feasibility,0.5957466430134244,checkpoints/v17/utility_safety_recipe5b_balanced_seed17045/metrics.csv,Epoch 5
10_controller_training_curves,training-domain calibration,Controller validation,R5b,val_loss_gate_feasibility,0.5896806761070534,checkpoints/v17/utility_safety_recipe5b_balanced_seed17045/metrics.csv,Epoch 6
10_controller_training_curves,training-domain calibration,Controller validation,R5b,val_loss_gate_feasibility,0.592020019336983,checkpoints/v17/utility_safety_recipe5b_balanced_seed17045/metrics.csv,Epoch 7
10_controller_training_curves,training-domain calibration,Controller validation,R5b,val_loss_gate_feasibility,0.5901931590504117,checkpoints/v17/utility_safety_recipe5b_balanced_seed17045/metrics.csv,Epoch 8
10_controller_training_curves,training-domain calibration,Controller validation,R6,val_loss_gate_feasibility,0.5865146760587339,checkpoints/v17/utility_safety_recipe6_statistics_seed17046/metrics.csv,Epoch 1
10_controller_training_curves,training-domain calibration,Controller validation,R6,val_loss_gate_feasibility,0.5880432791180081,checkpoints/v17/utility_safety_recipe6_statistics_seed17046/metrics.csv,Epoch 2
10_controller_training_curves,training-domain calibration,Controller validation,R6,val_loss_gate_feasibility,0.5816878643300798,checkpoints/v17/utility_safety_recipe6_statistics_seed17046/metrics.csv,Epoch 3
10_controller_training_curves,training-domain calibration,Controller validation,R6,val_loss_gate_feasibility,0.5811580574070966,checkpoints/v17/utility_safety_recipe6_statistics_seed17046/metrics.csv,Epoch 4
10_controller_training_curves,training-domain calibration,Controller validation,R6,val_loss_gate_feasibility,0.5787269958743343,checkpoints/v17/utility_safety_recipe6_statistics_seed17046/metrics.csv,Epoch 5
10_controller_training_curves,training-domain calibration,Controller validation,R6,val_loss_gate_feasibility,0.5796597456490552,checkpoints/v17/utility_safety_recipe6_statistics_seed17046/metrics.csv,Epoch 6
10_controller_training_curves,training-domain calibration,Controller validation,R6,val_loss_gate_feasibility,0.5796229949703923,checkpoints/v17/utility_safety_recipe6_statistics_seed17046/metrics.csv,Epoch 7
10_controller_training_curves,training-domain calibration,Controller validation,R6,val_loss_gate_feasibility,0.5790885134979531,checkpoints/v17/utility_safety_recipe6_statistics_seed17046/metrics.csv,Epoch 8
10_controller_training_curves,training-domain calibration,Controller validation,R7a,val_loss_gate_feasibility,0.5641272840676484,checkpoints/v17/utility_safety_recipe7a_burnin_seed17047/metrics.csv,Epoch 1
10_controller_training_curves,training-domain calibration,Controller validation,R7a,val_loss_gate_feasibility,0.56298268282855,checkpoints/v17/utility_safety_recipe7a_burnin_seed17047/metrics.csv,Epoch 2
10_controller_training_curves,training-domain calibration,Controller validation,R7a,val_loss_gate_feasibility,0.5608811919335965,checkpoints/v17/utility_safety_recipe7a_burnin_seed17047/metrics.csv,Epoch 3
10_controller_training_curves,training-domain calibration,Controller validation,R7a,val_loss_gate_feasibility,0.5607016848193275,checkpoints/v17/utility_safety_recipe7a_burnin_seed17047/metrics.csv,Epoch 4
10_controller_training_curves,training-domain calibration,Controller validation,R7a,val_loss_gate_feasibility,0.5595531562964121,checkpoints/v17/utility_safety_recipe7a_burnin_seed17047/metrics.csv,Epoch 5
10_controller_training_curves,training-domain calibration,Controller validation,R7a,val_loss_gate_feasibility,0.5590167255313309,checkpoints/v17/utility_safety_recipe7a_burnin_seed17047/metrics.csv,Epoch 6
10_controller_training_curves,training-domain calibration,Controller validation,R7a,val_loss_gate_feasibility,0.5598563220765855,checkpoints/v17/utility_safety_recipe7a_burnin_seed17047/metrics.csv,Epoch 7
10_controller_training_curves,training-domain calibration,Controller validation,R7a,val_loss_gate_feasibility,0.5595853439083806,checkpoints/v17/utility_safety_recipe7a_burnin_seed17047/metrics.csv,Epoch 8
10_controller_training_curves,training-domain calibration,Controller validation,R7b,val_loss_gate_feasibility,0.5812671085198721,checkpoints/v17/utility_safety_recipe7b_prefix_seed17048/metrics.csv,Epoch 1
10_controller_training_curves,training-domain calibration,Controller validation,R7b,val_loss_gate_feasibility,0.5783117225876561,checkpoints/v17/utility_safety_recipe7b_prefix_seed17048/metrics.csv,Epoch 2
10_controller_training_curves,training-domain calibration,Controller validation,R7b,val_loss_gate_feasibility,0.5794949090039289,checkpoints/v17/utility_safety_recipe7b_prefix_seed17048/metrics.csv,Epoch 3
10_controller_training_curves,training-domain calibration,Controller validation,R7b,val_loss_gate_feasibility,0.5773584070029082,checkpoints/v17/utility_safety_recipe7b_prefix_seed17048/metrics.csv,Epoch 4
10_controller_training_curves,training-domain calibration,Controller validation,R7b,val_loss_gate_feasibility,0.576998762510441,checkpoints/v17/utility_safety_recipe7b_prefix_seed17048/metrics.csv,Epoch 5
10_controller_training_curves,training-domain calibration,Controller validation,R7b,val_loss_gate_feasibility,0.5776447962831568,checkpoints/v17/utility_safety_recipe7b_prefix_seed17048/metrics.csv,Epoch 6
10_controller_training_curves,training-domain calibration,Controller validation,R7b,val_loss_gate_feasibility,0.5771204200055864,checkpoints/v17/utility_safety_recipe7b_prefix_seed17048/metrics.csv,Epoch 7
10_controller_training_curves,training-domain calibration,Controller validation,R7b,val_loss_gate_feasibility,0.576868329887037,checkpoints/v17/utility_safety_recipe7b_prefix_seed17048/metrics.csv,Epoch 8
10_controller_training_curves,training-domain calibration,Controller validation,R8,val_loss_gate_feasibility,0.5778496596548293,checkpoints/v18/utility_safety_recipe8_two_stage_seed18000/metrics.csv,Epoch 1
10_controller_training_curves,training-domain calibration,Controller validation,R8,val_loss_gate_feasibility,0.5772067871358659,checkpoints/v18/utility_safety_recipe8_two_stage_seed18000/metrics.csv,Epoch 2
10_controller_training_curves,training-domain calibration,Controller validation,R8,val_loss_gate_feasibility,0.5768894045441239,checkpoints/v18/utility_safety_recipe8_two_stage_seed18000/metrics.csv,Epoch 3
10_controller_training_curves,training-domain calibration,Controller validation,R8,val_loss_gate_feasibility,0.5738362272580465,checkpoints/v18/utility_safety_recipe8_two_stage_seed18000/metrics.csv,Epoch 4
10_controller_training_curves,training-domain calibration,Controller validation,R8,val_loss_gate_feasibility,0.5746181750739062,checkpoints/v18/utility_safety_recipe8_two_stage_seed18000/metrics.csv,Epoch 5
10_controller_training_curves,training-domain calibration,Controller validation,R8,val_loss_gate_feasibility,0.5741760311303316,checkpoints/v18/utility_safety_recipe8_two_stage_seed18000/metrics.csv,Epoch 6
10_controller_training_curves,training-domain calibration,Controller validation,R8,val_loss_gate_feasibility,0.5743522732346146,checkpoints/v18/utility_safety_recipe8_two_stage_seed18000/metrics.csv,Epoch 7
10_controller_training_curves,training-domain calibration,Controller validation,R8,val_loss_gate_feasibility,0.574519364922135,checkpoints/v18/utility_safety_recipe8_two_stage_seed18000/metrics.csv,Epoch 8
10_controller_training_curves,training-domain calibration,Controller validation,R5,val_loss_gate_policy,1.3898120125134783,checkpoints/v17/utility_safety_recipe5_seed17044/metrics.csv,Epoch 1
10_controller_training_curves,training-domain calibration,Controller validation,R5,val_loss_gate_policy,1.4030963072070368,checkpoints/v17/utility_safety_recipe5_seed17044/metrics.csv,Epoch 2
10_controller_training_curves,training-domain calibration,Controller validation,R5,val_loss_gate_policy,1.3972698472164296,checkpoints/v17/utility_safety_recipe5_seed17044/metrics.csv,Epoch 3
10_controller_training_curves,training-domain calibration,Controller validation,R5,val_loss_gate_policy,1.3457477578410395,checkpoints/v17/utility_safety_recipe5_seed17044/metrics.csv,Epoch 4
10_controller_training_curves,training-domain calibration,Controller validation,R5,val_loss_gate_policy,1.3346094952689276,checkpoints/v17/utility_safety_recipe5_seed17044/metrics.csv,Epoch 5
10_controller_training_curves,training-domain calibration,Controller validation,R5,val_loss_gate_policy,1.332975208759308,checkpoints/v17/utility_safety_recipe5_seed17044/metrics.csv,Epoch 6
10_controller_training_curves,training-domain calibration,Controller validation,R5,val_loss_gate_policy,1.3259671484982525,checkpoints/v17/utility_safety_recipe5_seed17044/metrics.csv,Epoch 7
10_controller_training_curves,training-domain calibration,Controller validation,R5,val_loss_gate_policy,1.3233369765458285,checkpoints/v17/utility_safety_recipe5_seed17044/metrics.csv,Epoch 8
10_controller_training_curves,training-domain calibration,Controller validation,R5b,val_loss_gate_policy,1.4484874186692414,checkpoints/v17/utility_safety_recipe5b_balanced_seed17045/metrics.csv,Epoch 1
10_controller_training_curves,training-domain calibration,Controller validation,R5b,val_loss_gate_policy,1.3185484961227134,checkpoints/v17/utility_safety_recipe5b_balanced_seed17045/metrics.csv,Epoch 2
10_controller_training_curves,training-domain calibration,Controller validation,R5b,val_loss_gate_policy,1.3198310048491866,checkpoints/v17/utility_safety_recipe5b_balanced_seed17045/metrics.csv,Epoch 3
10_controller_training_curves,training-domain calibration,Controller validation,R5b,val_loss_gate_policy,1.2593332595295377,checkpoints/v17/utility_safety_recipe5b_balanced_seed17045/metrics.csv,Epoch 4
10_controller_training_curves,training-domain calibration,Controller validation,R5b,val_loss_gate_policy,1.2241799345722906,checkpoints/v17/utility_safety_recipe5b_balanced_seed17045/metrics.csv,Epoch 5
10_controller_training_curves,training-domain calibration,Controller validation,R5b,val_loss_gate_policy,1.1938889247399789,checkpoints/v17/utility_safety_recipe5b_balanced_seed17045/metrics.csv,Epoch 6
10_controller_training_curves,training-domain calibration,Controller validation,R5b,val_loss_gate_policy,1.205476513615361,checkpoints/v17/utility_safety_recipe5b_balanced_seed17045/metrics.csv,Epoch 7
10_controller_training_curves,training-domain calibration,Controller validation,R5b,val_loss_gate_policy,1.192540012024067,checkpoints/v17/utility_safety_recipe5b_balanced_seed17045/metrics.csv,Epoch 8
10_controller_training_curves,training-domain calibration,Controller validation,R6,val_loss_gate_policy,1.1846734682718914,checkpoints/v17/utility_safety_recipe6_statistics_seed17046/metrics.csv,Epoch 1
10_controller_training_curves,training-domain calibration,Controller validation,R6,val_loss_gate_policy,1.1844128679346155,checkpoints/v17/utility_safety_recipe6_statistics_seed17046/metrics.csv,Epoch 2
10_controller_training_curves,training-domain calibration,Controller validation,R6,val_loss_gate_policy,1.152174342561651,checkpoints/v17/utility_safety_recipe6_statistics_seed17046/metrics.csv,Epoch 3
10_controller_training_curves,training-domain calibration,Controller validation,R6,val_loss_gate_policy,1.1538827816645305,checkpoints/v17/utility_safety_recipe6_statistics_seed17046/metrics.csv,Epoch 4
10_controller_training_curves,training-domain calibration,Controller validation,R6,val_loss_gate_policy,1.1387307555587205,checkpoints/v17/utility_safety_recipe6_statistics_seed17046/metrics.csv,Epoch 5
10_controller_training_curves,training-domain calibration,Controller validation,R6,val_loss_gate_policy,1.1508118664776836,checkpoints/v17/utility_safety_recipe6_statistics_seed17046/metrics.csv,Epoch 6
10_controller_training_curves,training-domain calibration,Controller validation,R6,val_loss_gate_policy,1.1438578808749165,checkpoints/v17/utility_safety_recipe6_statistics_seed17046/metrics.csv,Epoch 7
10_controller_training_curves,training-domain calibration,Controller validation,R6,val_loss_gate_policy,1.1425142133677448,checkpoints/v17/utility_safety_recipe6_statistics_seed17046/metrics.csv,Epoch 8
10_controller_training_curves,training-domain calibration,Controller validation,R7a,val_loss_gate_policy,1.056486346103527,checkpoints/v17/utility_safety_recipe7a_burnin_seed17047/metrics.csv,Epoch 1
10_controller_training_curves,training-domain calibration,Controller validation,R7a,val_loss_gate_policy,1.0554621352089777,checkpoints/v17/utility_safety_recipe7a_burnin_seed17047/metrics.csv,Epoch 2
10_controller_training_curves,training-domain calibration,Controller validation,R7a,val_loss_gate_policy,1.0702929055249248,checkpoints/v17/utility_safety_recipe7a_burnin_seed17047/metrics.csv,Epoch 3
10_controller_training_curves,training-domain calibration,Controller validation,R7a,val_loss_gate_policy,1.0610234317956146,checkpoints/v17/utility_safety_recipe7a_burnin_seed17047/metrics.csv,Epoch 4
10_controller_training_curves,training-domain calibration,Controller validation,R7a,val_loss_gate_policy,1.048906076837469,checkpoints/v17/utility_safety_recipe7a_burnin_seed17047/metrics.csv,Epoch 5
10_controller_training_curves,training-domain calibration,Controller validation,R7a,val_loss_gate_policy,1.0517374674479167,checkpoints/v17/utility_safety_recipe7a_burnin_seed17047/metrics.csv,Epoch 6
10_controller_training_curves,training-domain calibration,Controller validation,R7a,val_loss_gate_policy,1.0511247802663732,checkpoints/v17/utility_safety_recipe7a_burnin_seed17047/metrics.csv,Epoch 7
10_controller_training_curves,training-domain calibration,Controller validation,R7a,val_loss_gate_policy,1.051348692841,checkpoints/v17/utility_safety_recipe7a_burnin_seed17047/metrics.csv,Epoch 8
10_controller_training_curves,training-domain calibration,Controller validation,R7b,val_loss_gate_policy,1.2182284262445238,checkpoints/v17/utility_safety_recipe7b_prefix_seed17048/metrics.csv,Epoch 1
10_controller_training_curves,training-domain calibration,Controller validation,R7b,val_loss_gate_policy,1.1863972103154217,checkpoints/v17/utility_safety_recipe7b_prefix_seed17048/metrics.csv,Epoch 2
10_controller_training_curves,training-domain calibration,Controller validation,R7b,val_loss_gate_policy,1.1823993192778692,checkpoints/v17/utility_safety_recipe7b_prefix_seed17048/metrics.csv,Epoch 3
10_controller_training_curves,training-domain calibration,Controller validation,R7b,val_loss_gate_policy,1.1850795282257929,checkpoints/v17/utility_safety_recipe7b_prefix_seed17048/metrics.csv,Epoch 4
10_controller_training_curves,training-domain calibration,Controller validation,R7b,val_loss_gate_policy,1.1735571490393744,checkpoints/v17/utility_safety_recipe7b_prefix_seed17048/metrics.csv,Epoch 5
10_controller_training_curves,training-domain calibration,Controller validation,R7b,val_loss_gate_policy,1.1768613590134516,checkpoints/v17/utility_safety_recipe7b_prefix_seed17048/metrics.csv,Epoch 6
10_controller_training_curves,training-domain calibration,Controller validation,R7b,val_loss_gate_policy,1.173251692895536,checkpoints/v17/utility_safety_recipe7b_prefix_seed17048/metrics.csv,Epoch 7
10_controller_training_curves,training-domain calibration,Controller validation,R7b,val_loss_gate_policy,1.1718498865763347,checkpoints/v17/utility_safety_recipe7b_prefix_seed17048/metrics.csv,Epoch 8
10_controller_training_curves,training-domain calibration,Controller validation,R8,val_loss_gate_policy,1.1776728806672272,checkpoints/v18/utility_safety_recipe8_two_stage_seed18000/metrics.csv,Epoch 1
10_controller_training_curves,training-domain calibration,Controller validation,R8,val_loss_gate_policy,1.1646427732926827,checkpoints/v18/utility_safety_recipe8_two_stage_seed18000/metrics.csv,Epoch 2
10_controller_training_curves,training-domain calibration,Controller validation,R8,val_loss_gate_policy,1.176153463345987,checkpoints/v18/utility_safety_recipe8_two_stage_seed18000/metrics.csv,Epoch 3
10_controller_training_curves,training-domain calibration,Controller validation,R8,val_loss_gate_policy,1.1689062162681862,checkpoints/v18/utility_safety_recipe8_two_stage_seed18000/metrics.csv,Epoch 4
10_controller_training_curves,training-domain calibration,Controller validation,R8,val_loss_gate_policy,1.1751524121673018,checkpoints/v18/utility_safety_recipe8_two_stage_seed18000/metrics.csv,Epoch 5
10_controller_training_curves,training-domain calibration,Controller validation,R8,val_loss_gate_policy,1.1644789267469335,checkpoints/v18/utility_safety_recipe8_two_stage_seed18000/metrics.csv,Epoch 6
10_controller_training_curves,training-domain calibration,Controller validation,R8,val_loss_gate_policy,1.1620909726178204,checkpoints/v18/utility_safety_recipe8_two_stage_seed18000/metrics.csv,Epoch 7
10_controller_training_curves,training-domain calibration,Controller validation,R8,val_loss_gate_policy,1.1617635797571253,checkpoints/v18/utility_safety_recipe8_two_stage_seed18000/metrics.csv,Epoch 8
10_controller_training_curves,training-domain calibration,Controller validation,R5,val_gate_strength_mean,0.780001527733273,checkpoints/v17/utility_safety_recipe5_seed17044/metrics.csv,Epoch 1
10_controller_training_curves,training-domain calibration,Controller validation,R5,val_gate_strength_mean,0.7977727232155977,checkpoints/v17/utility_safety_recipe5_seed17044/metrics.csv,Epoch 2
10_controller_training_curves,training-domain calibration,Controller validation,R5,val_gate_strength_mean,0.798038555516137,checkpoints/v17/utility_safety_recipe5_seed17044/metrics.csv,Epoch 3
10_controller_training_curves,training-domain calibration,Controller validation,R5,val_gate_strength_mean,0.7636025680436028,checkpoints/v17/utility_safety_recipe5_seed17044/metrics.csv,Epoch 4
10_controller_training_curves,training-domain calibration,Controller validation,R5,val_gate_strength_mean,0.7663887319741426,checkpoints/v17/utility_safety_recipe5_seed17044/metrics.csv,Epoch 5
10_controller_training_curves,training-domain calibration,Controller validation,R5,val_gate_strength_mean,0.7712701250005651,checkpoints/v17/utility_safety_recipe5_seed17044/metrics.csv,Epoch 6
10_controller_training_curves,training-domain calibration,Controller validation,R5,val_gate_strength_mean,0.7657031328589828,checkpoints/v17/utility_safety_recipe5_seed17044/metrics.csv,Epoch 7
10_controller_training_curves,training-domain calibration,Controller validation,R5,val_gate_strength_mean,0.7658336979371531,checkpoints/v17/utility_safety_recipe5_seed17044/metrics.csv,Epoch 8
10_controller_training_curves,training-domain calibration,Controller validation,R5b,val_gate_strength_mean,0.5658600573186521,checkpoints/v17/utility_safety_recipe5b_balanced_seed17045/metrics.csv,Epoch 1
10_controller_training_curves,training-domain calibration,Controller validation,R5b,val_gate_strength_mean,0.616623357490257,checkpoints/v17/utility_safety_recipe5b_balanced_seed17045/metrics.csv,Epoch 2
10_controller_training_curves,training-domain calibration,Controller validation,R5b,val_gate_strength_mean,0.5880940159161886,checkpoints/v17/utility_safety_recipe5b_balanced_seed17045/metrics.csv,Epoch 3
10_controller_training_curves,training-domain calibration,Controller validation,R5b,val_gate_strength_mean,0.6306109527746836,checkpoints/v17/utility_safety_recipe5b_balanced_seed17045/metrics.csv,Epoch 4
10_controller_training_curves,training-domain calibration,Controller validation,R5b,val_gate_strength_mean,0.6326139845229961,checkpoints/v17/utility_safety_recipe5b_balanced_seed17045/metrics.csv,Epoch 5
10_controller_training_curves,training-domain calibration,Controller validation,R5b,val_gate_strength_mean,0.6631717538392102,checkpoints/v17/utility_safety_recipe5b_balanced_seed17045/metrics.csv,Epoch 6
10_controller_training_curves,training-domain calibration,Controller validation,R5b,val_gate_strength_mean,0.6268895014568612,checkpoints/v17/utility_safety_recipe5b_balanced_seed17045/metrics.csv,Epoch 7
10_controller_training_curves,training-domain calibration,Controller validation,R5b,val_gate_strength_mean,0.6410178442796072,checkpoints/v17/utility_safety_recipe5b_balanced_seed17045/metrics.csv,Epoch 8
10_controller_training_curves,training-domain calibration,Controller validation,R6,val_gate_strength_mean,0.68887749976582,checkpoints/v17/utility_safety_recipe6_statistics_seed17046/metrics.csv,Epoch 1
10_controller_training_curves,training-domain calibration,Controller validation,R6,val_gate_strength_mean,0.6233166721132066,checkpoints/v17/utility_safety_recipe6_statistics_seed17046/metrics.csv,Epoch 2
10_controller_training_curves,training-domain calibration,Controller validation,R6,val_gate_strength_mean,0.6570507166562257,checkpoints/v17/utility_safety_recipe6_statistics_seed17046/metrics.csv,Epoch 3
10_controller_training_curves,training-domain calibration,Controller validation,R6,val_gate_strength_mean,0.6402590054052847,checkpoints/v17/utility_safety_recipe6_statistics_seed17046/metrics.csv,Epoch 4
10_controller_training_curves,training-domain calibration,Controller validation,R6,val_gate_strength_mean,0.6509323462292,checkpoints/v17/utility_safety_recipe6_statistics_seed17046/metrics.csv,Epoch 5
10_controller_training_curves,training-domain calibration,Controller validation,R6,val_gate_strength_mean,0.6628155940108829,checkpoints/v17/utility_safety_recipe6_statistics_seed17046/metrics.csv,Epoch 6
10_controller_training_curves,training-domain calibration,Controller validation,R6,val_gate_strength_mean,0.6454967569421839,checkpoints/v17/utility_safety_recipe6_statistics_seed17046/metrics.csv,Epoch 7
10_controller_training_curves,training-domain calibration,Controller validation,R6,val_gate_strength_mean,0.644699223615505,checkpoints/v17/utility_safety_recipe6_statistics_seed17046/metrics.csv,Epoch 8
10_controller_training_curves,training-domain calibration,Controller validation,R7a,val_gate_strength_mean,0.6341736493287263,checkpoints/v17/utility_safety_recipe7a_burnin_seed17047/metrics.csv,Epoch 1
10_controller_training_curves,training-domain calibration,Controller validation,R7a,val_gate_strength_mean,0.6251259357840927,checkpoints/v17/utility_safety_recipe7a_burnin_seed17047/metrics.csv,Epoch 2
10_controller_training_curves,training-domain calibration,Controller validation,R7a,val_gate_strength_mean,0.660445116184376,checkpoints/v17/utility_safety_recipe7a_burnin_seed17047/metrics.csv,Epoch 3
10_controller_training_curves,training-domain calibration,Controller validation,R7a,val_gate_strength_mean,0.636536646772314,checkpoints/v17/utility_safety_recipe7a_burnin_seed17047/metrics.csv,Epoch 4
10_controller_training_curves,training-domain calibration,Controller validation,R7a,val_gate_strength_mean,0.6344965078212597,checkpoints/v17/utility_safety_recipe7a_burnin_seed17047/metrics.csv,Epoch 5
10_controller_training_curves,training-domain calibration,Controller validation,R7a,val_gate_strength_mean,0.6409909780378695,checkpoints/v17/utility_safety_recipe7a_burnin_seed17047/metrics.csv,Epoch 6
10_controller_training_curves,training-domain calibration,Controller validation,R7a,val_gate_strength_mean,0.6306502940478148,checkpoints/v17/utility_safety_recipe7a_burnin_seed17047/metrics.csv,Epoch 7
10_controller_training_curves,training-domain calibration,Controller validation,R7a,val_gate_strength_mean,0.6339057948854234,checkpoints/v17/utility_safety_recipe7a_burnin_seed17047/metrics.csv,Epoch 8
10_controller_training_curves,training-domain calibration,Controller validation,R7b,val_gate_strength_mean,0.5215717476827127,checkpoints/v17/utility_safety_recipe7b_prefix_seed17048/metrics.csv,Epoch 1
10_controller_training_curves,training-domain calibration,Controller validation,R7b,val_gate_strength_mean,0.5536511319654959,checkpoints/v17/utility_safety_recipe7b_prefix_seed17048/metrics.csv,Epoch 2
10_controller_training_curves,training-domain calibration,Controller validation,R7b,val_gate_strength_mean,0.5395418361381248,checkpoints/v17/utility_safety_recipe7b_prefix_seed17048/metrics.csv,Epoch 3
10_controller_training_curves,training-domain calibration,Controller validation,R7b,val_gate_strength_mean,0.526753689955782,checkpoints/v17/utility_safety_recipe7b_prefix_seed17048/metrics.csv,Epoch 4
10_controller_training_curves,training-domain calibration,Controller validation,R7b,val_gate_strength_mean,0.5373633989581356,checkpoints/v17/utility_safety_recipe7b_prefix_seed17048/metrics.csv,Epoch 5
10_controller_training_curves,training-domain calibration,Controller validation,R7b,val_gate_strength_mean,0.5533438898898937,checkpoints/v17/utility_safety_recipe7b_prefix_seed17048/metrics.csv,Epoch 6
10_controller_training_curves,training-domain calibration,Controller validation,R7b,val_gate_strength_mean,0.5436074413635112,checkpoints/v17/utility_safety_recipe7b_prefix_seed17048/metrics.csv,Epoch 7
10_controller_training_curves,training-domain calibration,Controller validation,R7b,val_gate_strength_mean,0.5410439316873197,checkpoints/v17/utility_safety_recipe7b_prefix_seed17048/metrics.csv,Epoch 8
10_controller_training_curves,training-domain calibration,Controller validation,R8,val_gate_strength_mean,0.5224006876901344,checkpoints/v18/utility_safety_recipe8_two_stage_seed18000/metrics.csv,Epoch 1
10_controller_training_curves,training-domain calibration,Controller validation,R8,val_gate_strength_mean,0.552145207369769,checkpoints/v18/utility_safety_recipe8_two_stage_seed18000/metrics.csv,Epoch 2
10_controller_training_curves,training-domain calibration,Controller validation,R8,val_gate_strength_mean,0.5169353772092748,checkpoints/v18/utility_safety_recipe8_two_stage_seed18000/metrics.csv,Epoch 3
10_controller_training_curves,training-domain calibration,Controller validation,R8,val_gate_strength_mean,0.5276505897442499,checkpoints/v18/utility_safety_recipe8_two_stage_seed18000/metrics.csv,Epoch 4
10_controller_training_curves,training-domain calibration,Controller validation,R8,val_gate_strength_mean,0.5167624243983516,checkpoints/v18/utility_safety_recipe8_two_stage_seed18000/metrics.csv,Epoch 5
10_controller_training_curves,training-domain calibration,Controller validation,R8,val_gate_strength_mean,0.5331974658701155,checkpoints/v18/utility_safety_recipe8_two_stage_seed18000/metrics.csv,Epoch 6
10_controller_training_curves,training-domain calibration,Controller validation,R8,val_gate_strength_mean,0.5316673335101869,checkpoints/v18/utility_safety_recipe8_two_stage_seed18000/metrics.csv,Epoch 7
10_controller_training_curves,training-domain calibration,Controller validation,R8,val_gate_strength_mean,0.5381950377314179,checkpoints/v18/utility_safety_recipe8_two_stage_seed18000/metrics.csv,Epoch 8
